,Primer,Sequence (5′ - 3′),Orientation,Purpose,Annealing temperatures
Reverse Transcription,Uni12 primer,AGCAAAAGCAGG,,Primers for cDNA synthesis,
H7N9 PCR amplification primers,speH7N9-PB2-F,AGCGAAAGCAGGTCAAATATATTCAAT,Forward,Primers for the GD/3 PB2 segment,68ºC
,speH7N9-PB2-R,AGTAGAAACAAGGTCGTTTTTAAACAAT,Reverse,,
,speH7N9-PB1-F,AGCGAAAGCAGGCAAACCATTTGA,Forward,Primers for the GD/3 PB1 segment,72ºC
,speH7N9-PB1-R,AGTAGAAACAAGGCATTTTTTCATGAAGG,Reverse,,
,speH7N9-PA-F3,AGCGAAAGCAGGTACTGATTCAAAATG,Forward,Primers for the GD/3 PA segment,72ºC
,PA-u13+20R,AGTAGAAACAAGGTACTTTTTCGGACAGTATGG,Reverse,,
,speH7N9-HA-F2,AGCAAAAGCAGGGGATACAAAATG,Forward,Primers for the GD/3 HA segment,71ºC
,speH7N9-HA-R2,AGTAGAAACAAGGGTGTTTTTTCCAAAC,Reverse,,
,speH7N9-NP-F,AGCAAAAGCAGGGTAGATAATCACTCAC,Forward,Primers for the GD/3 NP segment,61ºC
,speH7N9-NP-R,AGTAGAAACAAGGGTATTTTTCT,Reverse,,
,speH7N9-NA-F,AGCAAAAGCAGGGTCAAG,Forward,Primers for the GD/3 NA segment,63ºC
,speH7N9-NA-R,AGTAGAAACAAGGGTCTTTTTCTTC,Reverse,,
,speH7N9-M-F,AGCAAAAGCAGGTAGATGTTTAAAG,Forward,Primers for the GD/3 M segment,51ºC
,speH7N9-M-R,AGTAGAAACAAGGTAGTTTT,Reverse,,
,speH7N9-NS-F2,AGCAAAAGCAGGGTGACAAAAACATAATG,Forward,Primers for the GD/3 NS segment,64ºC
,speH7N9-NS-R2,AGTAGAAACAAGGGTGTTTTTTATC,Reverse,,
H1N1 PCR amplification primers,PB2_CA04_F,ATA TAC GCG TAG CGA AAG CAG GTC AA,Forward,Primers for the H1N1 CA04 PB2 segment,67ºC
,PB2_CA04_R,ATA TAC GCG TAG TAG AAA CAA GGT CG,Reverse,,
,PB1_CA04_F,ATA TAC GCG TAG CGA AAG CAG GCA AA,Forward,Primers for the H1N1 CA04 PB1 segment,67ºC
,PB1_CA04_R,ATA TAC GCG TAG TAG AAA CAA GGC AT,Reverse,,
,PA_CA04_F,ATA TAC GCG TAG CGA AAG CAG GTA CT,Forward,Primers for the H1N1 CA04 PA segment,63ºC
,PA_CA04_R,ATA TAC GCG TAG TAG AAA CAA GGT AC,Reverse,,
,HA_CA04_F-v2,AG CAA AAG CAG GGG AAA ACA A,Forward,Primers for the H1N1 CA04 HA segment,61ºC
,HA_CA04_R-v2,AG TAG AAA CAA GGG TGT TTT TC,Reverse,,
,NP_CA04_F,ATA TAC GCG TAG CAA AAG CAG GGT AG,Forward,Primers for the H1N1 CA04 NP segment,65ºC
,NP_CA04_R,ATA TAC GCG TAG TAG AAA CAA GGG TA,Reverse,,
,NA_CA04_F,ATA TAC GCG TAG CAA AAG CAG GAT TT,Forward,Primers for the H1N1 CA04 NA segment,64ºC
,NA_CA04_R,ATA TAC GCG TAG TAG AAA CAA GGA GT,Reverse,,
,M_CA04_F,ATA TAC GCG TAG CAA AAG CAG GTA GA,Forward,Primers for the H1N1 CA04 M segment,63ºC
,M_CA04_R,ATA TAC GCG TAG TAG AAA CAA GGT AG,Reverse,,
,NS_CA04_F,ATA TAG GCG TAG CAA AAG CAG GGT GA,Forward,Primers for the H1N1 CA04 NS segment,67ºC
,NS_CA04_R,ATA TAC GCG TAG TAG AAA CAA GGG TG,Reverse,,