gene	annotation	POS	REF	ALT	SNP	Sample
NS1	S7L	20	C	T	NS1_C20T_S7L	GD3_ferret7_day5_intersection
NEP	S7L	20	C	T	NEP_C20T_S7L	GD3_ferret7_day5_intersection
NP	V33I	97	G	A	NP_G97A_V33I	GD3_ferret7_day7_intersection
NP	S34G	100	A	G	NP_A100G_S34G	GD3_ferret5_day3_intersection
NS1	S48N	143	G	A	NS1_G143A_S48N	GD3_ferret7_day3_intersection
NA	T51I	152	C	T	NA_C152T_T51I	GD3_ferret7_day3_intersection
NS1	V65M	193	G	A	NS1_G193A_V65M	GD3_ferret7_day3_intersection
HA	R65K	194	G	A	HA_G194A_R65K	GD3_ferret7_day7_intersection
NP	R65K	194	G	A	NP_G194A_R65K	GD3_ferret7_day7_intersection
PA	S65F	194	C	T	PA_C194T_S65F	GD3_ferret3_day5_intersection
NS1	E70K	208	G	A	NS1_G208A_E70K	GD3_ferret7_day5_intersection
PB2	R70K	209	G	A	PB2_G209A_R70K	GD3_ferret7_day7_intersection
NS1	E72G	215	A	G	NS1_A215G_E72G	GD3_ferret7_day3_intersection
PB2	N82K	246	T	G	PB2_T246G_N82K	GD3_ferret7_day7_intersection
NS1	P85S	253	C	T	NS1_C253T_P85S	GD3_ferret7_day7_intersection
PB2	D87N	259	G	A	PB2_G259A_D87N	GD3_ferret5_day3_intersection
NP	K91R	272	A	G	NP_A272G_K91R	GD3_ferret7_day7_intersection
PA	G99R	295	G	A	PA_G295A_G99R	GD3_ferret5_day3_intersection
NP	R100K	299	G	A	NP_G299A_R100K	GD3_ferret1_day1_intersection
NS1	D101N	301	G	A	NS1_G301A_D101N	GD3_ferret5_day1_intersection
PA	E101G	302	A	G	PA_A302G_E101G	GD3_ferret3_day7_intersection
M1	H110Y	328	C	T	M1_C328T_H110Y	GD3_ferret7_day7_intersection
NS1	R118K	353	G	A	NS1_G353A_R118K	GD3_ferret7_day7_intersection
NS1	M119I	357	G	A	NS1_G357A_M119I	GD3_ferret7_day1_intersection
NS1	N127T	380	A	C	NS1_A380C_N127T	GD3_ferret5_day3_intersection
HA	G137E	410	G	A	HA_G410A_G137E	GD3_ferret7_day7_intersection
HA	R139I	416	G	T	HA_G416T_R139I	GD3_ferret7_day1_intersection
PA	F150Y	449	T	A	PA_T449A_F150Y	GD3_ferret5_day3_intersection
HA	G151E	452	G	A	HA_G452A_G151E	GD3_ferret3_day7_intersection
NS1	P162S	484	C	T	NS1_C484T_P162S	GD3_ferret5_day3_intersection
HA	A168V	503	C	T	HA_C503T_A168V	GD3_ferret5_day7_intersection
HA	M173I	519	G	A	HA_G519A_M173I	GD3_ferret3_day5_intersection
NEP	R22K	537	G	A	NEP_G537A_R22K	GD3_ferret7_day7_intersection
NEP	S23F	540	C	T	NEP_C540T_S23F	GD3_ferret7_day7_intersection
NEP	S24L	543	C	T	NEP_C543T_S24L	GD3_ferret7_day3_intersection
PB1	R187K	560	G	A	PB1_G560A_R187K	GD3_ferret7_day3_intersection
PB2	E188K	562	G	A	PB2_G562A_E188K	GD3_ferret1_day3_intersection
NEP	T33I	570	C	T	NEP_C570T_T33I	GD3_ferret7_day3_intersection
NP	M191V	571	A	G	NP_A571G_M191V	GD3_ferret4_day9_intersection
HA	S194P	580	T	C	HA_T580C_S194P	GD3_ferret5_day1_intersection
NEP	S37F	582	C	T	NEP_C582T_S37F	GD3_ferret7_day7_intersection
NEP	L40F	590	C	T	NEP_C590T_L40F	GD3_ferret5_day7_intersection
NS1	T197I	590	C	T	NS1_C590T_T197I	GD3_ferret5_day7_intersection
HA	E199G	596	A	G	HA_A596G_E199G	GD3_ferret3_day5_intersection
PB1	V200L	598	G	C	PB1_G598C_V200L	GD3_ferret7_day3_intersection
NS1	W203*	609	G	A	NS1_G609A_W203*	GD3_ferret7_day7_intersection
NEP	G46E	609	G	A	NEP_G609A_G46E	GD3_ferret7_day7_intersection
NEP	M52I	628	G	A	NEP_G628A_M52I	GD3_ferret7_day7_intersection
NS1	G210R	628	G	A	NS1_G628A_G210R	GD3_ferret7_day7_intersection
M1	R210K	629	G	A	M1_G629A_R210K	GD3_ferret4_day9_intersection
NEP	L55F	635	C	T	NEP_C635T_L55F	GD3_ferret7_day7_intersection
NS1	S212F	635	C	T	NS1_C635T_S212F	GD3_ferret7_day7_intersection
PB1	R215K	644	G	A	PB1_G644A_R215K	GD3_ferret7_day7_intersection
M1	V219I	655	G	A	M1_G655A_V219I	GD3_ferret7_day7_intersection
NEP	N62T	657	A	C	NEP_A657C_N62T	GD3_ferret7_day3_intersection
NEP	E67K	671	G	A	NEP_G671A_E67K	GD3_ferret7_day3_intersection
HA	S236Y	707	C	A	HA_C707A_S236Y	GD3_ferret3_day5_intersection
M1	A239T	715	G	A	M1_G715A_A239T	GD3_ferret7_day7_intersection
NP	M239V	715	A	G	NP_A715G_M239V	GD3_ferret5_day1_intersection
NEP	R86G	728	A	G	NEP_A728G_R86G	GD3_ferret7_day3_intersection
M2	G14E	729	G	A	M2_G729A_G14E	GD3_ferret7_day7_intersection
NEP	Q104K	782	C	A	NEP_C782A_Q104K	GD3_ferret3_day3_intersection
PA	R269K	806	G	A	PA_G806A_R269K	GD3_ferret1_day3_intersection
PA	P271S	811	C	T	PA_C811T_P271S	GD3_ferret7_day7_intersection
HA	E287K	859	G	A	HA_G859A_E287K	GD3_ferret7_day7_intersection
PB1	R287K	860	G	A	PB1_G860A_R287K	GD3_ferret7_day3_intersection
NA	K289R	866	A	G	NA_A866G_K289R	GD3_ferret7_day7_intersection
NP	E292*	874	G	T	NP_G874T_E292*	GD3_ferret5_day7_intersection
NA	A306T	916	G	A	NA_G916A_A306T	GD3_ferret7_day7_intersection
M2	G89D	954	G	A	M2_G954A_G89D	GD3_ferret7_day1_intersection
PB1	E331K	991	G	A	PB1_G991A_E331K	GD3_ferret1_day3_intersection
PA	T357I	1070	C	T	PA_C1070T_T357I	GD3_ferret7_day7_intersection
PA	N359S	1076	A	G	PA_A1076G_N359S	GD3_ferret7_day3_intersection
NP	R384K	1151	G	A	NP_G1151A_R384K	GD3_ferret3_day5_intersection
PB1	K391N	1173	A	C	PB1_A1173C_K391N	GD3_ferret4_day11_intersection
PB1	I397T	1190	T	C	PB1_T1190C_I397T	GD3_ferret5_day1_intersection
PB2	P453L	1358	C	T	PB2_C1358T_P453L	GD3_ferret3_day5_intersection
HA	E463K	1387	G	A	HA_G1387A_E463K	GD3_ferret4_day7_intersection
PB1	D464N	1390	G	A	PB1_G1390A_D464N	GD3_ferret7_day7_intersection
HA	T478K	1433	C	A	HA_C1433A_T478K	GD3_ferret5_day5_intersection
PA	V518I	1552	G	A	PA_G1552A_V518I	GD3_ferret5_day3_intersection
PA	L543I	1627	C	A	PA_C1627A_L543I	GD3_ferret3_day5_intersection
PA	V554I	1660	G	A	PA_G1660A_V554I	GD3_ferret1_day3_intersection
PB1	R563K	1688	G	A	PB1_G1688A_R563K	GD3_ferret7_day7_intersection
PB1	G564S	1690	G	A	PB1_G1690A_G564S	GD3_ferret1_day5_intersection
PB1	T566I	1697	C	T	PB1_C1697T_T566I	GD3_ferret7_day3_intersection
PB1	A573T	1717	G	A	PB1_G1717A_A573T	GD3_ferret7_day7_intersection
PB1	Y599H	1795	T	C	PB1_T1795C_Y599H	GD3_ferret7_day3_intersection
PB1	V609A	1826	T	C	PB1_T1826C_V609A	GD3_ferret7_day7_intersection
PB1	E614G	1841	A	G	PB1_A1841G_E614G	GD3_ferret7_day7_intersection
PB2	E627G	1880	A	G	PB2_A1880G_E627G	GD3_ferret7_day7_intersection
PA	A642S	1924	G	T	PA_G1924T_A642S	GD3_ferret7_day1_intersection
PA	L672F	2014	C	T	PA_C2014T_L672F	GD3_ferret7_day3_intersection
PA	D682N	2044	G	A	PA_G2044A_D682N	GD3_ferret1_day3_intersection
PB2	D701N	2101	G	A	PB2_G2101A_D701N	GD3_ferret7_day7_intersection
PB2	R703K	2108	G	A	PB2_G2108A_R703K	GD3_ferret3_day5_intersection
PB2	S747G	2239	A	G	PB2_A2239G_S747G	GD3_ferret7_day3_intersection
