biosample_accession	library_ID	title	library_strategy (click for details)	library_source (click for details)	library_selection (click for details)	library_layout	platform (click for details)	instrument_model	design_description	filetype	filename	filename2	filename3	filename4	filename5	filename6	filename7	filename8
SAMN21024266	Ferret_9_day_7_strain_rGD3	IAV ferret 9 infection with A/Guangdong/17SF003/2016 pdm isolate	WGS	VIRAL RNA	cDNA	paired	ILLUMINA	Illumina MiSeq	WGS: Nasal Wash vRNA isolation and reverse transcription for cDNA synthesis;  PCR amplification followed by tagmentation using Nextera XT kit. 8 gene segments sequenced using Illumina Miseq with a 300v3 cartridge.	fastq	GD3_index_ferret9_day7_rep1_R1.fastq.gz	GD3_index_ferret9_day7_rep1_R2.fastq.gz	GD3_index_ferret9_day7_rep2_R1.fastq.gz	GD3_index_ferret9_day7_rep2_R2.fastq.gz				
SAMN21024265	Ferret_9_day_5_strain_rGD3	IAV ferret 9 infection with A/Guangdong/17SF003/2016 pdm isolate	WGS	VIRAL RNA	cDNA	paired	ILLUMINA	Illumina MiSeq	WGS: Nasal Wash vRNA isolation and reverse transcription for cDNA synthesis;  PCR amplification followed by tagmentation using Nextera XT kit. 8 gene segments sequenced using Illumina Miseq with a 300v3 cartridge.	fastq	GD3_index_ferret9_day5_rep1_R1.fastq.gz	GD3_index_ferret9_day5_rep1_R2.fastq.gz	GD3_index_ferret9_day5_rep2_R1.fastq.gz	GD3_index_ferret9_day5_rep2_R2.fastq.gz				
SAMN21024264	Ferret_9_day_3_strain_rGD3	IAV ferret 9 infection with A/Guangdong/17SF003/2016 pdm isolate	WGS	VIRAL RNA	cDNA	paired	ILLUMINA	Illumina MiSeq	WGS: Nasal Wash vRNA isolation and reverse transcription for cDNA synthesis;  PCR amplification followed by tagmentation using Nextera XT kit. 8 gene segments sequenced using Illumina Miseq with a 300v3 cartridge.	fastq	GD3_index_ferret9_day3_NA_rep1(3)_R1.fastq.gz	GD3_index_ferret9_day3_NA_rep1(3)_R2.fastq.gz	GD3_index_ferret9_day3_rep1_R1.fastq.gz	GD3_index_ferret9_day3_rep1_R2.fastq.gz	GD3_index_ferret9_day3_rep2_R1.fastq.gz	GD3_index_ferret9_day3_rep2_R2.fastq.gz		
SAMN21024263	Ferret_9_day_1_strain_rGD3	IAV ferret 9 infection with A/Guangdong/17SF003/2016 pdm isolate	WGS	VIRAL RNA	cDNA	paired	ILLUMINA	Illumina MiSeq	WGS: Nasal Wash vRNA isolation and reverse transcription for cDNA synthesis;  PCR amplification followed by tagmentation using Nextera XT kit. 8 gene segments sequenced using Illumina Miseq with a 300v3 cartridge.	fastq	GD3_index_ferret9_day1_rep1_R1.fastq.gz	GD3_index_ferret9_day1_rep1_R2.fastq.gz	GD3_index_ferret9_day1_rep2_R1.fastq.gz	GD3_index_ferret9_day1_rep2_R2.fastq.gz				
SAMN21024262	Ferret_7_day_7_strain_GD3	IAV ferret 7 infection with A/Guangdong/17SF003/2016 pdm isolate	WGS	VIRAL RNA	cDNA	paired	ILLUMINA	Illumina MiSeq	WGS: Nasal Wash vRNA isolation and reverse transcription for cDNA synthesis;  PCR amplification followed by tagmentation using Nextera XT kit. 8 gene segments sequenced using Illumina Miseq with a 300v3 cartridge.	fastq	GD3_index_ferret7_day7_rep1_R1.fastq.gz	GD3_index_ferret7_day7_rep1_R2.fastq.gz	GD3_index_ferret7_day7_rep2_R1.fastq.gz	GD3_index_ferret7_day7_rep2_R2.fastq.gz				
SAMN21024261	Ferret_7_day_5_strain_GD3	IAV ferret 7 infection with A/Guangdong/17SF003/2016 pdm isolate	WGS	VIRAL RNA	cDNA	paired	ILLUMINA	Illumina MiSeq	WGS: Nasal Wash vRNA isolation and reverse transcription for cDNA synthesis;  PCR amplification followed by tagmentation using Nextera XT kit. 8 gene segments sequenced using Illumina Miseq with a 300v3 cartridge.	fastq	GD3_index_ferret7_day5_rep1_R1.fastq.gz	GD3_index_ferret7_day5_rep1_R2.fastq.gz	GD3_index_ferret7_day5_rep2_R1.fastq.gz	GD3_index_ferret7_day5_rep2_R2.fastq.gz				
SAMN21024260	Ferret_7_day_3_strain_GD3	IAV ferret 7 infection with A/Guangdong/17SF003/2016 pdm isolate	WGS	VIRAL RNA	cDNA	paired	ILLUMINA	Illumina MiSeq	WGS: Nasal Wash vRNA isolation and reverse transcription for cDNA synthesis;  PCR amplification followed by tagmentation using Nextera XT kit. 8 gene segments sequenced using Illumina Miseq with a 300v3 cartridge.	fastq	GD3_index_ferret7_day3_rep1_R1.fastq.gz	GD3_index_ferret7_day3_rep1_R2.fastq.gz	GD3_index_ferret7_day3_rep2_R1.fastq.gz	GD3_index_ferret7_day3_rep2_R2.fastq.gz				
SAMN21024259	Ferret_7_day_1_strain_GD3	IAV ferret 7 infection with A/Guangdong/17SF003/2016 pdm isolate	WGS	VIRAL RNA	cDNA	paired	ILLUMINA	Illumina MiSeq	WGS: Nasal Wash vRNA isolation and reverse transcription for cDNA synthesis;  PCR amplification followed by tagmentation using Nextera XT kit. 8 gene segments sequenced using Illumina Miseq with a 300v3 cartridge.	fastq	GD3_index_ferret7_day1_rep1_R1.fastq.gz	GD3_index_ferret7_day1_rep1_R2.fastq.gz	GD3_index_ferret7_day1_rep2_R1.fastq.gz	GD3_index_ferret7_day1_rep2_R2.fastq.gz	GD3_index_ferret7_day1_NA_rep2(3)_R1.fastq.gz	GD3_index_ferret7_day1_NA_rep2(3)_R2.fastq.gz	GD3_index_ferret7_day1_PB1_rep1(3)_R1.fastq.gz	GD3_index_ferret7_day1_PB1_rep1(3)_R2.fastq.gz
SAMN21024258	Ferret_5_day_7_strain_GD3	IAV ferret 5 infection with A/Guangdong/17SF003/2016 pdm isolate	WGS	VIRAL RNA	cDNA	paired	ILLUMINA	Illumina MiSeq	WGS: Nasal Wash vRNA isolation and reverse transcription for cDNA synthesis;  PCR amplification followed by tagmentation using Nextera XT kit. 8 gene segments sequenced using Illumina Miseq with a 300v3 cartridge.	fastq	GD3_index_ferret5_day7_rep1_R1.fastq.gz	GD3_index_ferret5_day7_rep1_R2.fastq.gz	GD3_index_ferret5_day7_rep2_R1.fastq.gz	GD3_index_ferret5_day7_rep2_R2.fastq.gz				
SAMN21024257	Ferret_5_day_5_strain_GD3	IAV ferret 5 infection with A/Guangdong/17SF003/2016 pdm isolate	WGS	VIRAL RNA	cDNA	paired	ILLUMINA	Illumina MiSeq	WGS: Nasal Wash vRNA isolation and reverse transcription for cDNA synthesis;  PCR amplification followed by tagmentation using Nextera XT kit. 8 gene segments sequenced using Illumina Miseq with a 300v3 cartridge.	fastq	GD3_index_ferret5_day5_rep1_R1.fastq.gz	GD3_index_ferret5_day5_rep1_R2.fastq.gz	GD3_index_ferret5_day5_rep2_R1.fastq.gz	GD3_index_ferret5_day5_rep2_R2.fastq.gz				
SAMN21024256	Ferret_5_day_3_strain_GD3	IAV ferret 5 infection with A/Guangdong/17SF003/2016 pdm isolate	WGS	VIRAL RNA	cDNA	paired	ILLUMINA	Illumina MiSeq	WGS: Nasal Wash vRNA isolation and reverse transcription for cDNA synthesis;  PCR amplification followed by tagmentation using Nextera XT kit. 8 gene segments sequenced using Illumina Miseq with a 300v3 cartridge.	fastq	GD3_index_ferret5_day3_rep1_R1.fastq.gz	GD3_index_ferret5_day3_rep1_R2.fastq.gz	GD3_index_ferret5_day3_rep2_R1.fastq.gz	GD3_index_ferret5_day3_rep2_R2.fastq.gz				
SAMN21024255	Ferret_5_day_1_strain_GD3	IAV ferret 5 infection with A/Guangdong/17SF003/2016 pdm isolate	WGS	VIRAL RNA	cDNA	paired	ILLUMINA	Illumina MiSeq	WGS: Nasal Wash vRNA isolation and reverse transcription for cDNA synthesis;  PCR amplification followed by tagmentation using Nextera XT kit. 8 gene segments sequenced using Illumina Miseq with a 300v3 cartridge.	fastq	GD3_index_ferret5_day1_rep1_R1.fastq.gz	GD3_index_ferret5_day1_rep1_R2.fastq.gz	GD3_index_ferret5_day1_rep2_R1.fastq.gz	GD3_index_ferret5_day1_rep2_R2.fastq.gz				
SAMN21024254	Ferret_4_day_9_strain_GD3	IAV ferret 4 infection with A/Guangdong/17SF003/2016 pdm isolate	WGS	VIRAL RNA	cDNA	paired	ILLUMINA	Illumina MiSeq	WGS: Nasal Wash vRNA isolation and reverse transcription for cDNA synthesis;  PCR amplification followed by tagmentation using Nextera XT kit. 8 gene segments sequenced using Illumina Miseq with a 300v3 cartridge.	fastq	GD3_contact_ferret4_day9_rep1_R1.fastq.gz	GD3_contact_ferret4_day9_rep1_R2.fastq.gz	GD3_contact_ferret4_day9_rep2_R1.fastq.gz	GD3_contact_ferret4_day9_rep2_R2.fastq.gz				
SAMN21024253	Ferret_4_day_7_strain_GD3	IAV ferret 4 infection with A/Guangdong/17SF003/2016 pdm isolate	WGS	VIRAL RNA	cDNA	paired	ILLUMINA	Illumina MiSeq	WGS: Nasal Wash vRNA isolation and reverse transcription for cDNA synthesis;  PCR amplification followed by tagmentation using Nextera XT kit. 8 gene segments sequenced using Illumina Miseq with a 300v3 cartridge.	fastq	GD3_contact_ferret4_day7_rep1_R1.fastq.gz	GD3_contact_ferret4_day7_rep1_R2.fastq.gz	GD3_contact_ferret4_day7_rep2_R1.fastq.gz	GD3_contact_ferret4_day7_rep2_R2.fastq.gz				
SAMN21024252	Ferret_4_day_5_strain_GD3	IAV ferret 4 infection with A/Guangdong/17SF003/2016 pdm isolate	WGS	VIRAL RNA	cDNA	paired	ILLUMINA	Illumina MiSeq	WGS: Nasal Wash vRNA isolation and reverse transcription for cDNA synthesis;  PCR amplification followed by tagmentation using Nextera XT kit. 8 gene segments sequenced using Illumina Miseq with a 300v3 cartridge.	fastq	GD3_contact_ferret4_day5_rep1_R1.fastq.gz	GD3_contact_ferret4_day5_rep1_R2.fastq.gz	GD3_contact_ferret4_day5_rep2_R1.fastq.gz	GD3_contact_ferret4_day5_rep2_R2.fastq.gz				
SAMN21024251	Ferret_4_day_11_strain_GD3	IAV ferret 4 infection with A/Guangdong/17SF003/2016 pdm isolate	WGS	VIRAL RNA	cDNA	paired	ILLUMINA	Illumina MiSeq	WGS: Nasal Wash vRNA isolation and reverse transcription for cDNA synthesis;  PCR amplification followed by tagmentation using Nextera XT kit. 8 gene segments sequenced using Illumina Miseq with a 300v3 cartridge.	fastq	GD3_contact_ferret4_day11_rep1_R1.fastq.gz	GD3_contact_ferret4_day11_rep1_R2.fastq.gz	GD3_contact_ferret4_day11_rep2_R1.fastq.gz	GD3_contact_ferret4_day11_rep2_R2.fastq.gz				
SAMN21024250	Ferret_3_day_7_strain_GD3	IAV ferret 3 infection with A/Guangdong/17SF003/2016 pdm isolate	WGS	VIRAL RNA	cDNA	paired	ILLUMINA	Illumina MiSeq	WGS: Nasal Wash vRNA isolation and reverse transcription for cDNA synthesis;  PCR amplification followed by tagmentation using Nextera XT kit. 8 gene segments sequenced using Illumina Miseq with a 300v3 cartridge.	fastq	GD3_index_ferret3_day7_rep1_R1.fastq.gz	GD3_index_ferret3_day7_rep1_R2.fastq.gz	GD3_index_ferret3_day7_rep2_R1.fastq.gz	GD3_index_ferret3_day7_rep2_R2.fastq.gz				
SAMN21024249	Ferret_3_day_5_strain_GD3	IAV ferret 3 infection with A/Guangdong/17SF003/2016 pdm isolate	WGS	VIRAL RNA	cDNA	paired	ILLUMINA	Illumina MiSeq	WGS: Nasal Wash vRNA isolation and reverse transcription for cDNA synthesis;  PCR amplification followed by tagmentation using Nextera XT kit. 8 gene segments sequenced using Illumina Miseq with a 300v3 cartridge.	fastq	GD3_index_ferret3_day5_rep1_R1.fastq.gz	GD3_index_ferret3_day5_rep1_R2.fastq.gz	GD3_index_ferret3_day5_rep2_R1.fastq.gz	GD3_index_ferret3_day5_rep2_R2.fastq.gz				
SAMN21024248	Ferret_3_day_3_strain_GD3	IAV ferret 3 infection with A/Guangdong/17SF003/2016 pdm isolate	WGS	VIRAL RNA	cDNA	paired	ILLUMINA	Illumina MiSeq	WGS: Nasal Wash vRNA isolation and reverse transcription for cDNA synthesis;  PCR amplification followed by tagmentation using Nextera XT kit. 8 gene segments sequenced using Illumina Miseq with a 300v3 cartridge.	fastq	GD3_index_ferret3_day3_rep1_R1.fastq.gz	GD3_index_ferret3_day3_rep1_R2.fastq.gz	GD3_index_ferret3_day3_rep2_R1.fastq.gz	GD3_index_ferret3_day3_rep2_R2.fastq.gz				
SAMN21024247	Ferret_3_day_1_strain_GD3	IAV ferret 3 infection with A/Guangdong/17SF003/2016 pdm isolate	WGS	VIRAL RNA	cDNA	paired	ILLUMINA	Illumina MiSeq	WGS: Nasal Wash vRNA isolation and reverse transcription for cDNA synthesis;  PCR amplification followed by tagmentation using Nextera XT kit. 8 gene segments sequenced using Illumina Miseq with a 300v3 cartridge.	fastq	GD3_index_ferret3_day1_rep1_R1.fastq.gz	GD3_index_ferret3_day1_rep1_R2.fastq.gz	GD3_index_ferret3_day1_rep2_R1.fastq.gz	GD3_index_ferret3_day1_rep2_R2.fastq.gz				
SAMN21024246	Ferret_23_day_7_strain_rGD3	IAV ferret 23 infection with A/Guangdong/17SF003/2016 pdm isolate	WGS	VIRAL RNA	cDNA	paired	ILLUMINA	Illumina MiSeq	WGS: Nasal Wash vRNA isolation and reverse transcription for cDNA synthesis;  PCR amplification followed by tagmentation using Nextera XT kit. 8 gene segments sequenced using Illumina Miseq with a 300v3 cartridge.	fastq	GD3_index_ferret23_day7_PA_rep1(3)_R1.fastq.gz	GD3_index_ferret23_day7_PA_rep1(3)_R2.fastq.gz	GD3_index_ferret23_day7_rep1_R1.fastq.gz	GD3_index_ferret23_day7_rep1_R2.fastq.gz	GD3_index_ferret23_day7_rep2_R1.fastq.gz	GD3_index_ferret23_day7_rep2_R2.fastq.gz		
SAMN21024245	Ferret_23_day_5_strain_rGD3	IAV ferret 23 infection with A/Guangdong/17SF003/2016 pdm isolate	WGS	VIRAL RNA	cDNA	paired	ILLUMINA	Illumina MiSeq	WGS: Nasal Wash vRNA isolation and reverse transcription for cDNA synthesis;  PCR amplification followed by tagmentation using Nextera XT kit. 8 gene segments sequenced using Illumina Miseq with a 300v3 cartridge.	fastq	GD3_index_ferret23_day5_rep1_R1.fastq.gz	GD3_index_ferret23_day5_rep1_R2.fastq.gz	GD3_index_ferret23_day5_rep2_R1.fastq.gz	GD3_index_ferret23_day5_rep2_R2.fastq.gz				
SAMN21024244	Ferret_23_day_3_strain_rGD3	IAV ferret 23 infection with A/Guangdong/17SF003/2016 pdm isolate	WGS	VIRAL RNA	cDNA	paired	ILLUMINA	Illumina MiSeq	WGS: Nasal Wash vRNA isolation and reverse transcription for cDNA synthesis;  PCR amplification followed by tagmentation using Nextera XT kit. 8 gene segments sequenced using Illumina Miseq with a 300v3 cartridge.	fastq	GD3_index_ferret23_day3_rep1_R1.fastq.gz	GD3_index_ferret23_day3_rep1_R2.fastq.gz	GD3_index_ferret23_day3_rep2_R1.fastq.gz	GD3_index_ferret23_day3_rep2_R2.fastq.gz				
SAMN21024243	Ferret_23_day_1_strain_rGD3	IAV ferret 23 infection with A/Guangdong/17SF003/2016 pdm isolate	WGS	VIRAL RNA	cDNA	paired	ILLUMINA	Illumina MiSeq	WGS: Nasal Wash vRNA isolation and reverse transcription for cDNA synthesis;  PCR amplification followed by tagmentation using Nextera XT kit. 8 gene segments sequenced using Illumina Miseq with a 300v3 cartridge.	fastq	GD3_index_ferret23_day1_rep1_R1.fastq.gz	GD3_index_ferret23_day1_rep1_R2.fastq.gz	GD3_index_ferret23_day1_rep2_R1.fastq.gz	GD3_index_ferret23_day1_rep2_R2.fastq.gz				
SAMN21024242	Ferret_22_day_9_strain_rGD3	IAV ferret 22 infection with A/Guangdong/17SF003/2016 pdm isolate	WGS	VIRAL RNA	cDNA	paired	ILLUMINA	Illumina MiSeq	WGS: Nasal Wash vRNA isolation and reverse transcription for cDNA synthesis;  PCR amplification followed by tagmentation using Nextera XT kit. 8 gene segments sequenced using Illumina Miseq with a 300v3 cartridge.	fastq	GD3_contact_ferret22_day9_rep1_R1.fastq.gz	GD3_contact_ferret22_day9_rep1_R2.fastq.gz	GD3_contact_ferret22_day9_rep2_R1.fastq.gz	GD3_contact_ferret22_day9_rep2_R2.fastq.gz				
SAMN21024241	Ferret_22_day_7_strain_rGD3	IAV ferret 22 infection with A/Guangdong/17SF003/2016 pdm isolate	WGS	VIRAL RNA	cDNA	paired	ILLUMINA	Illumina MiSeq	WGS: Nasal Wash vRNA isolation and reverse transcription for cDNA synthesis;  PCR amplification followed by tagmentation using Nextera XT kit. 8 gene segments sequenced using Illumina Miseq with a 300v3 cartridge.	fastq	GD3_contact_ferret22_day7_rep1_R1.fastq.gz	GD3_contact_ferret22_day7_rep1_R2.fastq.gz	GD3_contact_ferret22_day7_rep2_R1.fastq.gz	GD3_contact_ferret22_day7_rep2_R2.fastq.gz				
SAMN21024240	Ferret_22_day_5_strain_rGD3	IAV ferret 22 infection with A/Guangdong/17SF003/2016 pdm isolate	WGS	VIRAL RNA	cDNA	paired	ILLUMINA	Illumina MiSeq	WGS: Nasal Wash vRNA isolation and reverse transcription for cDNA synthesis;  PCR amplification followed by tagmentation using Nextera XT kit. 8 gene segments sequenced using Illumina Miseq with a 300v3 cartridge.	fastq	GD3_contact_ferret22_day5_rep1_R1.fastq.gz	GD3_contact_ferret22_day5_rep1_R2.fastq.gz	GD3_contact_ferret22_day5_rep2_R1.fastq.gz	GD3_contact_ferret22_day5_rep2_R2.fastq.gz				
SAMN21024239	Ferret_22_day_3_strain_rGD3	IAV ferret 22 infection with A/Guangdong/17SF003/2016 pdm isolate	WGS	VIRAL RNA	cDNA	paired	ILLUMINA	Illumina MiSeq	WGS: Nasal Wash vRNA isolation and reverse transcription for cDNA synthesis;  PCR amplification followed by tagmentation using Nextera XT kit. 8 gene segments sequenced using Illumina Miseq with a 300v3 cartridge.	fastq	GD3_contact_ferret22_day3_NP_rep1(3)_R1.fastq.gz	GD3_contact_ferret22_day3_NP_rep1(3)_R2.fastq.gz	GD3_contact_ferret22_day3_rep1_R1.fastq.gz	GD3_contact_ferret22_day3_rep1_R2.fastq.gz	GD3_contact_ferret22_day3_rep2_R1.fastq.gz	GD3_contact_ferret22_day3_rep2_R2.fastq.gz		
SAMN21024238	Ferret_21_day_5_strain_rGD3	IAV ferret 21 infection with A/Guangdong/17SF003/2016 pdm isolate	WGS	VIRAL RNA	cDNA	paired	ILLUMINA	Illumina MiSeq	WGS: Nasal Wash vRNA isolation and reverse transcription for cDNA synthesis;  PCR amplification followed by tagmentation using Nextera XT kit. 8 gene segments sequenced using Illumina Miseq with a 300v3 cartridge.	fastq	GD3_index_ferret21_day5_rep1_R1.fastq.gz	GD3_index_ferret21_day5_rep1_R2.fastq.gz	GD3_index_ferret21_day5_rep2_R1.fastq.gz	GD3_index_ferret21_day5_rep2_R2.fastq.gz				
SAMN21024237	Ferret_21_day_3_strain_rGD3	IAV ferret 21 infection with A/Guangdong/17SF003/2016 pdm isolate	WGS	VIRAL RNA	cDNA	paired	ILLUMINA	Illumina MiSeq	WGS: Nasal Wash vRNA isolation and reverse transcription for cDNA synthesis;  PCR amplification followed by tagmentation using Nextera XT kit. 8 gene segments sequenced using Illumina Miseq with a 300v3 cartridge.	fastq	GD3_index_ferret21_day3_rep1_R1.fastq.gz	GD3_index_ferret21_day3_rep1_R2.fastq.gz	GD3_index_ferret21_day3_rep2_R1.fastq.gz	GD3_index_ferret21_day3_rep2_R2.fastq.gz				
SAMN21024236	Ferret_21_day_1_strain_rGD3	IAV ferret 21 infection with A/Guangdong/17SF003/2016 pdm isolate	WGS	VIRAL RNA	cDNA	paired	ILLUMINA	Illumina MiSeq	WGS: Nasal Wash vRNA isolation and reverse transcription for cDNA synthesis;  PCR amplification followed by tagmentation using Nextera XT kit. 8 gene segments sequenced using Illumina Miseq with a 300v3 cartridge.	fastq	GD3_index_ferret21_day1_rep1_R1.fastq.gz	GD3_index_ferret21_day1_rep1_R2.fastq.gz	GD3_index_ferret21_day1_rep2_R1.fastq.gz	GD3_index_ferret21_day1_rep2_R2.fastq.gz				
SAMN21024235	Ferret_1_day_7_strain_GD3	IAV ferret 1 infection with A/Guangdong/17SF003/2016 pdm isolate	WGS	VIRAL RNA	cDNA	paired	ILLUMINA	Illumina MiSeq	WGS: Nasal Wash vRNA isolation and reverse transcription for cDNA synthesis;  PCR amplification followed by tagmentation using Nextera XT kit. 8 gene segments sequenced using Illumina Miseq with a 300v3 cartridge.	fastq	GD3_index_ferret1_day7_NA_rep1(3)_R1.fastq.gz	GD3_index_ferret1_day7_NA_rep1(3)_R2.fastq.gz	GD3_index_ferret1_day7_NA_rep2(3)_R1.fastq.gz	GD3_index_ferret1_day7_NA_rep2(3)_R2.fastq.gz	GD3_index_ferret1_day7_rep1_R1.fastq.gz	GD3_index_ferret1_day7_rep1_R2.fastq.gz	GD3_index_ferret1_day7_rep2_R1.fastq.gz	GD3_index_ferret1_day7_rep2_R2.fastq.gz
SAMN21024234	Ferret_1_day_5_strain_GD3	IAV ferret 1 infection with A/Guangdong/17SF003/2016 pdm isolate	WGS	VIRAL RNA	cDNA	paired	ILLUMINA	Illumina MiSeq	WGS: Nasal Wash vRNA isolation and reverse transcription for cDNA synthesis;  PCR amplification followed by tagmentation using Nextera XT kit. 8 gene segments sequenced using Illumina Miseq with a 300v3 cartridge.	fastq	GD3_index_ferret1_day5_rep1_R1.fastq.gz	GD3_index_ferret1_day5_rep1_R2.fastq.gz	GD3_index_ferret1_day5_rep2_R1.fastq.gz	GD3_index_ferret1_day5_rep2_R2.fastq.gz				
SAMN21024233	Ferret_1_day_3_strain_GD3	IAV ferret 1 infection with A/Guangdong/17SF003/2016 pdm isolate	WGS	VIRAL RNA	cDNA	paired	ILLUMINA	Illumina MiSeq	WGS: Nasal Wash vRNA isolation and reverse transcription for cDNA synthesis;  PCR amplification followed by tagmentation using Nextera XT kit. 8 gene segments sequenced using Illumina Miseq with a 300v3 cartridge.	fastq	GD3_index_ferret1_day3_rep1_R1.fastq.gz	GD3_index_ferret1_day3_rep1_R2.fastq.gz	GD3_index_ferret1_day3_rep2_R1.fastq.gz	GD3_index_ferret1_day3_rep2_R2.fastq.gz				
SAMN21024232	Ferret_1_day_1_strain_GD3	IAV ferret 1 infection with A/Guangdong/17SF003/2016 pdm isolate	WGS	VIRAL RNA	cDNA	paired	ILLUMINA	Illumina MiSeq	WGS: Nasal Wash vRNA isolation and reverse transcription for cDNA synthesis;  PCR amplification followed by tagmentation using Nextera XT kit. 8 gene segments sequenced using Illumina Miseq with a 300v3 cartridge.	fastq	GD3_index_ferret1_day1_rep1_R1.fastq.gz	GD3_index_ferret1_day1_rep1_R2.fastq.gz	GD3_index_ferret1_day1_rep2_R1.fastq.gz	GD3_index_ferret1_day1_rep2_R2.fastq.gz				
SAMN21024231	Ferret_19_day_5_strain_rGD3	IAV ferret 19 infection with A/Guangdong/17SF003/2016 pdm isolate	WGS	VIRAL RNA	cDNA	paired	ILLUMINA	Illumina MiSeq	WGS: Nasal Wash vRNA isolation and reverse transcription for cDNA synthesis;  PCR amplification followed by tagmentation using Nextera XT kit. 8 gene segments sequenced using Illumina Miseq with a 300v3 cartridge.	fastq	GD3_index_ferret19_day5_rep1_R1.fastq.gz	GD3_index_ferret19_day5_rep1_R2.fastq.gz	GD3_index_ferret19_day5_rep2_R1.fastq.gz	GD3_index_ferret19_day5_rep2_R2.fastq.gz				
SAMN21024230	Ferret_19_day_3_strain_rGD3	IAV ferret 19 infection with A/Guangdong/17SF003/2016 pdm isolate	WGS	VIRAL RNA	cDNA	paired	ILLUMINA	Illumina MiSeq	WGS: Nasal Wash vRNA isolation and reverse transcription for cDNA synthesis;  PCR amplification followed by tagmentation using Nextera XT kit. 8 gene segments sequenced using Illumina Miseq with a 300v3 cartridge.	fastq	GD3_index_ferret19_day3_rep1_R1.fastq.gz	GD3_index_ferret19_day3_rep1_R2.fastq.gz	GD3_index_ferret19_day3_rep2_R1.fastq.gz	GD3_index_ferret19_day3_rep2_R2.fastq.gz				
SAMN21024229	Ferret_19_day_1_strain_rGD3	IAV ferret 19 infection with A/Guangdong/17SF003/2016 pdm isolate	WGS	VIRAL RNA	cDNA	paired	ILLUMINA	Illumina MiSeq	WGS: Nasal Wash vRNA isolation and reverse transcription for cDNA synthesis;  PCR amplification followed by tagmentation using Nextera XT kit. 8 gene segments sequenced using Illumina Miseq with a 300v3 cartridge.	fastq	GD3_index_ferret19_day1_rep1_R1.fastq.gz	GD3_index_ferret19_day1_rep1_R2.fastq.gz	GD3_index_ferret19_day1_rep2_R1.fastq.gz	GD3_index_ferret19_day1_rep2_R2.fastq.gz				
SAMN21024228	Ferret_18_day_15_strain_rGD3	IAV ferret 18 infection with A/Guangdong/17SF003/2016 pdm isolate	WGS	VIRAL RNA	cDNA	paired	ILLUMINA	Illumina MiSeq	WGS: Nasal Wash vRNA isolation and reverse transcription for cDNA synthesis;  PCR amplification followed by tagmentation using Nextera XT kit. 8 gene segments sequenced using Illumina Miseq with a 300v3 cartridge.	fastq	GD3_contact_ferret18_day15_rep1_R1.fastq.gz	GD3_contact_ferret18_day15_rep1_R2.fastq.gz	GD3_contact_ferret18_day15_rep2_R1.fastq.gz	GD3_contact_ferret18_day15_rep2_R2.fastq.gz				
SAMN21024227	Ferret_18_day_13_strain_rGD3	IAV ferret 18 infection with A/Guangdong/17SF003/2016 pdm isolate	WGS	VIRAL RNA	cDNA	paired	ILLUMINA	Illumina MiSeq	WGS: Nasal Wash vRNA isolation and reverse transcription for cDNA synthesis;  PCR amplification followed by tagmentation using Nextera XT kit. 8 gene segments sequenced using Illumina Miseq with a 300v3 cartridge.	fastq	GD3_contact_ferret18_day13_rep1_R1.fastq.gz	GD3_contact_ferret18_day13_rep1_R2.fastq.gz	GD3_contact_ferret18_day13_rep2_R1.fastq.gz	GD3_contact_ferret18_day13_rep2_R2.fastq.gz				
SAMN21024226	Ferret_18_day_11_strain_rGD3	IAV ferret 18 infection with A/Guangdong/17SF003/2016 pdm isolate	WGS	VIRAL RNA	cDNA	paired	ILLUMINA	Illumina MiSeq	WGS: Nasal Wash vRNA isolation and reverse transcription for cDNA synthesis;  PCR amplification followed by tagmentation using Nextera XT kit. 8 gene segments sequenced using Illumina Miseq with a 300v3 cartridge.	fastq	GD3_contact_ferret18_day11_PB1_rep1(3)_R1.fastq.gz	GD3_contact_ferret18_day11_PB1_rep1(3)_R2.fastq.gz	GD3_contact_ferret18_day11_rep1_R1.fastq.gz	GD3_contact_ferret18_day11_rep1_R2.fastq.gz	GD3_contact_ferret18_day11_rep2_R1.fastq.gz	GD3_contact_ferret18_day11_rep2_R2.fastq.gz		
SAMN21024225	Ferret_17_day_7_strain_rGD3	IAV ferret 17 infection with A/Guangdong/17SF003/2016 pdm isolate	WGS	VIRAL RNA	cDNA	paired	ILLUMINA	Illumina MiSeq	WGS: Nasal Wash vRNA isolation and reverse transcription for cDNA synthesis;  PCR amplification followed by tagmentation using Nextera XT kit. 8 gene segments sequenced using Illumina Miseq with a 300v3 cartridge.	fastq	GD3_index_ferret17_day7_rep1_R1.fastq.gz	GD3_index_ferret17_day7_rep1_R2.fastq.gz	GD3_index_ferret17_day7_rep2_R1.fastq.gz	GD3_index_ferret17_day7_rep2_R2.fastq.gz				
SAMN21024224	Ferret_17_day_5_strain_rGD3	IAV ferret 17 infection with A/Guangdong/17SF003/2016 pdm isolate	WGS	VIRAL RNA	cDNA	paired	ILLUMINA	Illumina MiSeq	WGS: Nasal Wash vRNA isolation and reverse transcription for cDNA synthesis;  PCR amplification followed by tagmentation using Nextera XT kit. 8 gene segments sequenced using Illumina Miseq with a 300v3 cartridge.	fastq	GD3_index_ferret17_day5_rep1_R1.fastq.gz	GD3_index_ferret17_day5_rep1_R2.fastq.gz	GD3_index_ferret17_day5_rep2_R1.fastq.gz	GD3_index_ferret17_day5_rep2_R2.fastq.gz				
SAMN21024223	Ferret_17_day_3_strain_rGD3	IAV ferret 17 infection with A/Guangdong/17SF003/2016 pdm isolate	WGS	VIRAL RNA	cDNA	paired	ILLUMINA	Illumina MiSeq	WGS: Nasal Wash vRNA isolation and reverse transcription for cDNA synthesis;  PCR amplification followed by tagmentation using Nextera XT kit. 8 gene segments sequenced using Illumina Miseq with a 300v3 cartridge.	fastq	GD3_index_ferret17_day3_rep1_R1.fastq.gz	GD3_index_ferret17_day3_rep1_R2.fastq.gz	GD3_index_ferret17_day3_rep2_R1.fastq.gz	GD3_index_ferret17_day3_rep2_R2.fastq.gz				
SAMN21024222	Ferret_17_day_1_strain_rGD3	IAV ferret 17 infection with A/Guangdong/17SF003/2016 pdm isolate	WGS	VIRAL RNA	cDNA	paired	ILLUMINA	Illumina MiSeq	WGS: Nasal Wash vRNA isolation and reverse transcription for cDNA synthesis;  PCR amplification followed by tagmentation using Nextera XT kit. 8 gene segments sequenced using Illumina Miseq with a 300v3 cartridge.	fastq	GD3_index_ferret17_day1_rep1_R1.fastq.gz	GD3_index_ferret17_day1_rep1_R2.fastq.gz	GD3_index_ferret17_day1_rep2_R1.fastq.gz	GD3_index_ferret17_day1_rep2_R2.fastq.gz				
SAMN21024221	Ferret_16_day_7_strain_rGD3	IAV ferret 16 infection with A/Guangdong/17SF003/2016 pdm isolate	WGS	VIRAL RNA	cDNA	paired	ILLUMINA	Illumina MiSeq	WGS: Nasal Wash vRNA isolation and reverse transcription for cDNA synthesis;  PCR amplification followed by tagmentation using Nextera XT kit. 8 gene segments sequenced using Illumina Miseq with a 300v3 cartridge.	fastq	GD3_contact_ferret16_day7_rep1_R1.fastq.gz	GD3_contact_ferret16_day7_rep1_R2.fastq.gz	GD3_contact_ferret16_day7_rep2_R1.fastq.gz	GD3_contact_ferret16_day7_rep2_R2.fastq.gz				
SAMN21024220	Ferret_16_day_5_strain_rGD3	IAV ferret 16 infection with A/Guangdong/17SF003/2016 pdm isolate	WGS	VIRAL RNA	cDNA	paired	ILLUMINA	Illumina MiSeq	WGS: Nasal Wash vRNA isolation and reverse transcription for cDNA synthesis;  PCR amplification followed by tagmentation using Nextera XT kit. 8 gene segments sequenced using Illumina Miseq with a 300v3 cartridge.	fastq	GD3_contact_ferret16_day5_rep1_R1.fastq.gz	GD3_contact_ferret16_day5_rep1_R2.fastq.gz	GD3_contact_ferret16_day5_rep2_R1.fastq.gz	GD3_contact_ferret16_day5_rep2_R2.fastq.gz				
SAMN21024219	Ferret_16_day_3_strain_rGD3	IAV ferret 16 infection with A/Guangdong/17SF003/2016 pdm isolate	WGS	VIRAL RNA	cDNA	paired	ILLUMINA	Illumina MiSeq	WGS: Nasal Wash vRNA isolation and reverse transcription for cDNA synthesis;  PCR amplification followed by tagmentation using Nextera XT kit. 8 gene segments sequenced using Illumina Miseq with a 300v3 cartridge.	fastq	GD3_contact_ferret16_day3_rep1_R1.fastq.gz	GD3_contact_ferret16_day3_rep1_R2.fastq.gz	GD3_contact_ferret16_day3_rep2_R1.fastq.gz	GD3_contact_ferret16_day3_rep2_R2.fastq.gz				
SAMN21024218	Ferret_15_day_7_strain_rGD3	IAV ferret 15 infection with A/Guangdong/17SF003/2016 pdm isolate	WGS	VIRAL RNA	cDNA	paired	ILLUMINA	Illumina MiSeq	WGS: Nasal Wash vRNA isolation and reverse transcription for cDNA synthesis;  PCR amplification followed by tagmentation using Nextera XT kit. 8 gene segments sequenced using Illumina Miseq with a 300v3 cartridge.	fastq	GD3_index_ferret15_day7_PA_rep3(1)_R1.fastq.gz	GD3_index_ferret15_day7_PA_rep3(1)_R2.fastq.gz	GD3_index_ferret15_day7_rep1_R1.fastq.gz	GD3_index_ferret15_day7_rep1_R2.fastq.gz	GD3_index_ferret15_day7_rep2_R1.fastq.gz	GD3_index_ferret15_day7_rep2_R2.fastq.gz		
SAMN21024217	Ferret_15_day_5_strain_rGD3	IAV ferret 15 infection with A/Guangdong/17SF003/2016 pdm isolate	WGS	VIRAL RNA	cDNA	paired	ILLUMINA	Illumina MiSeq	WGS: Nasal Wash vRNA isolation and reverse transcription for cDNA synthesis;  PCR amplification followed by tagmentation using Nextera XT kit. 8 gene segments sequenced using Illumina Miseq with a 300v3 cartridge.	fastq	GD3_index_ferret15_day5_rep1_R1.fastq.gz	GD3_index_ferret15_day5_rep1_R2.fastq.gz	GD3_index_ferret15_day5_rep2_R1.fastq.gz	GD3_index_ferret15_day5_rep2_R2.fastq.gz				
SAMN21024216	Ferret_15_day_3_strain_rGD3	IAV ferret 15 infection with A/Guangdong/17SF003/2016 pdm isolate	WGS	VIRAL RNA	cDNA	paired	ILLUMINA	Illumina MiSeq	WGS: Nasal Wash vRNA isolation and reverse transcription for cDNA synthesis;  PCR amplification followed by tagmentation using Nextera XT kit. 8 gene segments sequenced using Illumina Miseq with a 300v3 cartridge.	fastq	GD3_index_ferret15_day3_rep1_R1.fastq.gz	GD3_index_ferret15_day3_rep1_R2.fastq.gz	GD3_index_ferret15_day3_rep2_R1.fastq.gz	GD3_index_ferret15_day3_rep2_R2.fastq.gz				
SAMN21024215	Ferret_15_day_1_strain_rGD3	IAV ferret 15 infection with A/Guangdong/17SF003/2016 pdm isolate	WGS	VIRAL RNA	cDNA	paired	ILLUMINA	Illumina MiSeq	WGS: Nasal Wash vRNA isolation and reverse transcription for cDNA synthesis;  PCR amplification followed by tagmentation using Nextera XT kit. 8 gene segments sequenced using Illumina Miseq with a 300v3 cartridge.	fastq	GD3_index_ferret15_day1_rep1_R1.fastq.gz	GD3_index_ferret15_day1_rep1_R2.fastq.gz	GD3_index_ferret15_day1_rep2_R1.fastq.gz	GD3_index_ferret15_day1_rep2_R2.fastq.gz				
SAMN21024214	Ferret_13_day_5_strain_rGD3	IAV ferret 13 infection with A/Guangdong/17SF003/2016 pdm isolate	WGS	VIRAL RNA	cDNA	paired	ILLUMINA	Illumina MiSeq	WGS: Nasal Wash vRNA isolation and reverse transcription for cDNA synthesis;  PCR amplification followed by tagmentation using Nextera XT kit. 8 gene segments sequenced using Illumina Miseq with a 300v3 cartridge.	fastq	GD3_index_ferret13_day5_rep1_R1.fastq.gz	GD3_index_ferret13_day5_rep1_R2.fastq.gz	GD3_index_ferret13_day5_rep2_R1.fastq.gz	GD3_index_ferret13_day5_rep2_R2.fastq.gz				
SAMN21024213	Ferret_13_day_3_strain_rGD3	IAV ferret 13 infection with A/Guangdong/17SF003/2016 pdm isolate	WGS	VIRAL RNA	cDNA	paired	ILLUMINA	Illumina MiSeq	WGS: Nasal Wash vRNA isolation and reverse transcription for cDNA synthesis;  PCR amplification followed by tagmentation using Nextera XT kit. 8 gene segments sequenced using Illumina Miseq with a 300v3 cartridge.	fastq	GD3_index_ferret13_day3_rep1_R1.fastq.gz	GD3_index_ferret13_day3_rep1_R2.fastq.gz	GD3_index_ferret13_day3_rep2_R1.fastq.gz	GD3_index_ferret13_day3_rep2_R2.fastq.gz				
SAMN21024212	Ferret_13_day_1_strain_rGD3	IAV ferret 13 infection with A/Guangdong/17SF003/2016 pdm isolate	WGS	VIRAL RNA	cDNA	paired	ILLUMINA	Illumina MiSeq	WGS: Nasal Wash vRNA isolation and reverse transcription for cDNA synthesis;  PCR amplification followed by tagmentation using Nextera XT kit. 8 gene segments sequenced using Illumina Miseq with a 300v3 cartridge.	fastq	GD3_index_ferret13_day1_rep1_R1.fastq.gz	GD3_index_ferret13_day1_rep1_R2.fastq.gz	GD3_index_ferret13_day1_rep2_R1.fastq.gz	GD3_index_ferret13_day1_rep2_R2.fastq.gz				
SAMN21024211	Ferret_12_day_5_strain_rGD3	IAV ferret 12 infection with A/Guangdong/17SF003/2016 pdm isolate	WGS	VIRAL RNA	cDNA	paired	ILLUMINA	Illumina MiSeq	WGS: Nasal Wash vRNA isolation and reverse transcription for cDNA synthesis;  PCR amplification followed by tagmentation using Nextera XT kit. 8 gene segments sequenced using Illumina Miseq with a 300v3 cartridge.	fastq	GD3_contact_ferret12_day5_rep1_R1.fastq.gz	GD3_contact_ferret12_day5_rep1_R2.fastq.gz	GD3_contact_ferret12_day5_rep2_R1.fastq.gz	GD3_contact_ferret12_day5_rep2_R2.fastq.gz				
SAMN21024210	Ferret_12_day_3_strain_rGD3	IAV ferret 12 infection with A/Guangdong/17SF003/2016 pdm isolate	WGS	VIRAL RNA	cDNA	paired	ILLUMINA	Illumina MiSeq	WGS: Nasal Wash vRNA isolation and reverse transcription for cDNA synthesis;  PCR amplification followed by tagmentation using Nextera XT kit. 8 gene segments sequenced using Illumina Miseq with a 300v3 cartridge.	fastq	GD3_contact_ferret12_day3_rep1_R1.fastq.gz	GD3_contact_ferret12_day3_rep1_R2.fastq.gz	GD3_contact_ferret12_day3_rep2_R1.fastq.gz	GD3_contact_ferret12_day3_rep2_R2.fastq.gz				
SAMN21024209	Ferret_11_day_3_strain_rGD3	IAV ferret 11 infection with A/Guangdong/17SF003/2016 pdm isolate	WGS	VIRAL RNA	cDNA	paired	ILLUMINA	Illumina MiSeq	WGS: Nasal Wash vRNA isolation and reverse transcription for cDNA synthesis;  PCR amplification followed by tagmentation using Nextera XT kit. 8 gene segments sequenced using Illumina Miseq with a 300v3 cartridge.	fastq	GD3_index_ferret11_day3_rep1_R1.fastq.gz	GD3_index_ferret11_day3_rep1_R2.fastq.gz	GD3_index_ferret11_day3_rep2_R1.fastq.gz	GD3_index_ferret11_day3_rep2_R2.fastq.gz				
SAMN21024208	Ferret_11_day_1_strain_rGD3	IAV ferret 11 infection with A/Guangdong/17SF003/2016 pdm isolate	WGS	VIRAL RNA	cDNA	paired	ILLUMINA	Illumina MiSeq	WGS: Nasal Wash vRNA isolation and reverse transcription for cDNA synthesis;  PCR amplification followed by tagmentation using Nextera XT kit. 8 gene segments sequenced using Illumina Miseq with a 300v3 cartridge.	fastq	GD3_index_ferret11_day1_rep1_R1.fastq.gz	GD3_index_ferret11_day1_rep1_R2.fastq.gz	GD3_index_ferret11_day1_rep2_R1.fastq.gz	GD3_index_ferret11_day1_rep2_R2.fastq.gz				
SAMN21024207	Ferret_10_day_9_strain_rGD3	IAV ferret 10 infection with A/Guangdong/17SF003/2016 pdm isolate	WGS	VIRAL RNA	cDNA	paired	ILLUMINA	Illumina MiSeq	WGS: Nasal Wash vRNA isolation and reverse transcription for cDNA synthesis;  PCR amplification followed by tagmentation using Nextera XT kit. 8 gene segments sequenced using Illumina Miseq with a 300v3 cartridge.	fastq	GD3_contact_ferret10_day9_rep1_R1.fastq.gz	GD3_contact_ferret10_day9_rep1_R2.fastq.gz	GD3_contact_ferret10_day9_rep2_R1.fastq.gz	GD3_contact_ferret10_day9_rep2_R2.fastq.gz				
SAMN21024206	Ferret_10_day_7_strain_rGD3	IAV ferret 10 infection with A/Guangdong/17SF003/2016 pdm isolate	WGS	VIRAL RNA	cDNA	paired	ILLUMINA	Illumina MiSeq	WGS: Nasal Wash vRNA isolation and reverse transcription for cDNA synthesis;  PCR amplification followed by tagmentation using Nextera XT kit. 8 gene segments sequenced using Illumina Miseq with a 300v3 cartridge.	fastq	GD3_contact_ferret10_day7_rep1_R1.fastq.gz	GD3_contact_ferret10_day7_rep1_R2.fastq.gz	GD3_contact_ferret10_day7_rep2_R1.fastq.gz	GD3_contact_ferret10_day7_rep2_R2.fastq.gz				
SAMN21024205	Ferret_10_day_5_strain_rGD3	IAV ferret 10 infection with A/Guangdong/17SF003/2016 pdm isolate	WGS	VIRAL RNA	cDNA	paired	ILLUMINA	Illumina MiSeq	WGS: Nasal Wash vRNA isolation and reverse transcription for cDNA synthesis;  PCR amplification followed by tagmentation using Nextera XT kit. 8 gene segments sequenced using Illumina Miseq with a 300v3 cartridge.	fastq	GD3_contact_ferret10_day5_rep1_R1.fastq.gz	GD3_contact_ferret10_day5_rep1_R2.fastq.gz	GD3_contact_ferret10_day5_rep2_R1.fastq.gz	GD3_contact_ferret10_day5_rep2_R2.fastq.gz				
SAMN21024204	Ferret_10_day_3_strain_rGD3	IAV ferret 10 infection with A/Guangdong/17SF003/2016 pdm isolate	WGS	VIRAL RNA	cDNA	paired	ILLUMINA	Illumina MiSeq	WGS: Nasal Wash vRNA isolation and reverse transcription for cDNA synthesis;  PCR amplification followed by tagmentation using Nextera XT kit. 8 gene segments sequenced using Illumina Miseq with a 300v3 cartridge.	fastq	GD3_contact_ferret10_day3_rep1_R1.fastq.gz	GD3_contact_ferret10_day3_rep1_R2.fastq.gz	GD3_contact_ferret10_day3_rep2_R1.fastq.gz	GD3_contact_ferret10_day3_rep2_R2.fastq.gz				
SAMN21024203	Ferret_36_day_5_strain_CA04	IAV ferret 36 infection with A/California/04/2009 pdm isolate	WGS	VIRAL RNA	cDNA	paired	ILLUMINA	Illumina MiSeq	WGS: Nasal Wash vRNA isolation and reverse transcription for cDNA synthesis;  PCR amplification followed by tagmentation using Nextera XT kit. 8 gene segments sequenced using Illumina Miseq with a 300v3 cartridge.	fastq	CA04_contact_ferret36_day5_rep1_R1.fastq.gz	CA04_contact_ferret36_day5_rep1_R2.fastq.gz	CA04_contact_ferret36_day5_rep2_R1.fastq.gz	CA04_contact_ferret36_day5_rep2_R2.fastq.gz				
SAMN21024202	Ferret_36_day_3_strain_CA04	IAV ferret 36 infection with A/California/04/2009 pdm isolate	WGS	VIRAL RNA	cDNA	paired	ILLUMINA	Illumina MiSeq	WGS: Nasal Wash vRNA isolation and reverse transcription for cDNA synthesis;  PCR amplification followed by tagmentation using Nextera XT kit. 8 gene segments sequenced using Illumina Miseq with a 300v3 cartridge.	fastq	CA04_contact_ferret36_day3_rep1_R1.fastq.gz	CA04_contact_ferret36_day3_rep1_R2.fastq.gz	CA04_contact_ferret36_day3_rep2_R1.fastq.gz	CA04_contact_ferret36_day3_rep2_R2.fastq.gz				
SAMN21024201	Ferret_35_day_5_strain_CA04	IAV ferret 35 infection with A/California/04/2009 pdm isolate	WGS	VIRAL RNA	cDNA	paired	ILLUMINA	Illumina MiSeq	WGS: Nasal Wash vRNA isolation and reverse transcription for cDNA synthesis;  PCR amplification followed by tagmentation using Nextera XT kit. 8 gene segments sequenced using Illumina Miseq with a 300v3 cartridge.	fastq	CA04_index_ferret35_day5_rep1_R1.fastq.gz	CA04_index_ferret35_day5_rep1_R2.fastq.gz	CA04_index_ferret35_day5_rep2_R1.fastq.gz	CA04_index_ferret35_day5_rep2_R2.fastq.gz				
SAMN21024200	Ferret_35_day_3_strain_CA04	IAV ferret 35 infection with A/California/04/2009 pdm isolate	WGS	VIRAL RNA	cDNA	paired	ILLUMINA	Illumina MiSeq	WGS: Nasal Wash vRNA isolation and reverse transcription for cDNA synthesis;  PCR amplification followed by tagmentation using Nextera XT kit. 8 gene segments sequenced using Illumina Miseq with a 300v3 cartridge.	fastq	CA04_index_ferret35_day3_rep1_R1.fastq.gz	CA04_index_ferret35_day3_rep1_R2.fastq.gz	CA04_index_ferret35_day3_rep2_R1.fastq.gz	CA04_index_ferret35_day3_rep2_R2.fastq.gz				
SAMN21024199	Ferret_35_day_1_strain_CA04	IAV ferret 35 infection with A/California/04/2009 pdm isolate	WGS	VIRAL RNA	cDNA	paired	ILLUMINA	Illumina MiSeq	WGS: Nasal Wash vRNA isolation and reverse transcription for cDNA synthesis;  PCR amplification followed by tagmentation using Nextera XT kit. 8 gene segments sequenced using Illumina Miseq with a 300v3 cartridge.	fastq	CA04_index_ferret35_day1_rep1_R1.fastq.gz	CA04_index_ferret35_day1_rep1_R2.fastq.gz	CA04_index_ferret35_day1_rep2_R1.fastq.gz	CA04_index_ferret35_day1_rep2_R2.fastq.gz				
SAMN21024198	Ferret_33_day_7_strain_CA04	IAV ferret 33 infection with A/California/04/2009 pdm isolate	WGS	VIRAL RNA	cDNA	paired	ILLUMINA	Illumina MiSeq	WGS: Nasal Wash vRNA isolation and reverse transcription for cDNA synthesis;  PCR amplification followed by tagmentation using Nextera XT kit. 8 gene segments sequenced using Illumina Miseq with a 300v3 cartridge.	fastq	CA04_index_ferret33_day7_PB1_rep2(3)_R1.fastq.gz	CA04_index_ferret33_day7_PB1_rep2(3)_R2.fastq.gz	CA04_index_ferret33_day7_rep1_R1.fastq.gz	CA04_index_ferret33_day7_rep1_R2.fastq.gz	CA04_index_ferret33_day7_rep2_R1.fastq.gz	CA04_index_ferret33_day7_rep2_R2.fastq.gz		
SAMN21024197	Ferret_33_day_5_strain_CA04	IAV ferret 33 infection with A/California/04/2009 pdm isolate	WGS	VIRAL RNA	cDNA	paired	ILLUMINA	Illumina MiSeq	WGS: Nasal Wash vRNA isolation and reverse transcription for cDNA synthesis;  PCR amplification followed by tagmentation using Nextera XT kit. 8 gene segments sequenced using Illumina Miseq with a 300v3 cartridge.	fastq	CA04_index_ferret33_day5_NS_rep1(3)_R1.fastq.gz	CA04_index_ferret33_day5_NS_rep1(3)_R2.fastq.gz	CA04_index_ferret33_day5_rep1_R1.fastq.gz	CA04_index_ferret33_day5_rep1_R2.fastq.gz	CA04_index_ferret33_day5_rep2_R1.fastq.gz	CA04_index_ferret33_day5_rep2_R2.fastq.gz		
SAMN21024196	Ferret_33_day_3_strain_CA04	IAV ferret 33 infection with A/California/04/2009 pdm isolate	WGS	VIRAL RNA	cDNA	paired	ILLUMINA	Illumina MiSeq	WGS: Nasal Wash vRNA isolation and reverse transcription for cDNA synthesis;  PCR amplification followed by tagmentation using Nextera XT kit. 8 gene segments sequenced using Illumina Miseq with a 300v3 cartridge.	fastq	CA04_index_ferret33_day3_rep1_R1.fastq.gz	CA04_index_ferret33_day3_rep1_R2.fastq.gz	CA04_index_ferret33_day3_rep2_R1.fastq.gz	CA04_index_ferret33_day3_rep2_R2.fastq.gz				
SAMN21024195	Ferret_33_day_1_strain_CA04	IAV ferret 33 infection with A/California/04/2009 pdm isolate	WGS	VIRAL RNA	cDNA	paired	ILLUMINA	Illumina MiSeq	WGS: Nasal Wash vRNA isolation and reverse transcription for cDNA synthesis;  PCR amplification followed by tagmentation using Nextera XT kit. 8 gene segments sequenced using Illumina Miseq with a 300v3 cartridge.	fastq	CA04_index_ferret33_day1_rep1_R1.fastq.gz	CA04_index_ferret33_day1_rep1_R2.fastq.gz	CA04_index_ferret33_day1_rep2_R1.fastq.gz	CA04_index_ferret33_day1_rep2_R2.fastq.gz				
SAMN21024194	Ferret_6_day_5_strain_CA04	IAV ferret 06 infection with A/California/04/2009 pdm isolate	WGS	VIRAL RNA	cDNA	paired	ILLUMINA	Illumina MiSeq	WGS: Nasal Wash vRNA isolation and reverse transcription for cDNA synthesis;  PCR amplification followed by tagmentation using Nextera XT kit. 8 gene segments sequenced using Illumina Miseq with a 300v3 cartridge.	fastq	CA04_contact_ferret6_day5_rep1_R1.fastq.gz	CA04_contact_ferret6_day5_rep1_R2.fastq.gz	CA04_contact_ferret6_day5_rep2_R1.fastq.gz	CA04_contact_ferret6_day5_rep2_R2.fastq.gz				
SAMN21024193	Ferret_6_day_3_strain_CA04										CA04_contact_ferret6_day3_rep1_R1.fastq.gz	CA04_contact_ferret6_day3_rep1_R2.fastq.gz	CA04_contact_ferret6_day3_rep2_R1.fastq.gz	CA04_contact_ferret6_day3_rep2_R2.fastq.gz				
SAMN22133375	Ferret_6_day_4_strain_CA04	IAV ferret 06 infection with A/California/04/2009 pdm isolate	WGS	VIRAL RNA	cDNA	paired	ILLUMINA	Illumina MiSeq	WGS: Nasal Wash vRNA isolation and reverse transcription for cDNA synthesis;  PCR amplification followed by tagmentation using Nextera XT kit. 8 gene segments sequenced using Illumina Miseq with a 300v3 cartridge.	fastq	CA04_contact_ferret6_day1_rep1_R1.fastq.gz	CA04_contact_ferret6_day1_rep1_R2.fastq.gz	CA04_contact_ferret6_day1_rep2_R1.fastq.gz	CA04_contact_ferret6_day1_rep2_R2.fastq.gz				
SAMN21024192	Ferret_5_day_5_strain_CA04	IAV ferret 05 infection with A/California/04/2009 pdm isolate	WGS	VIRAL RNA	cDNA	paired	ILLUMINA	Illumina MiSeq	WGS: Nasal Wash vRNA isolation and reverse transcription for cDNA synthesis;  PCR amplification followed by tagmentation using Nextera XT kit. 8 gene segments sequenced using Illumina Miseq with a 300v3 cartridge.	fastq	CA04_contact_ferret5_day5_rep1_R1.fastq.gz	CA04_contact_ferret5_day5_rep1_R2.fastq.gz	CA04_contact_ferret5_day5_rep2_R1.fastq.gz	CA04_contact_ferret5_day5_rep2_R2.fastq.gz				
SAMN21024191	Ferret_5_day_3_strain_CA04	IAV ferret 05 infection with A/California/04/2009 pdm isolate	WGS	VIRAL RNA	cDNA	paired	ILLUMINA	Illumina MiSeq	WGS: Nasal Wash vRNA isolation and reverse transcription for cDNA synthesis;  PCR amplification followed by tagmentation using Nextera XT kit. 8 gene segments sequenced using Illumina Miseq with a 300v3 cartridge.	fastq	CA04_contact_ferret5_day3_rep1_R1.fastq.gz	CA04_contact_ferret5_day3_rep1_R2.fastq.gz	CA04_contact_ferret5_day3_rep2_R1.fastq.gz	CA04_contact_ferret5_day3_rep2_R2.fastq.gz				
SAMN21024190	Ferret_5_day_1_strain_CA04	IAV ferret 05 infection with A/California/04/2009 pdm isolate	WGS	VIRAL RNA	cDNA	paired	ILLUMINA	Illumina MiSeq	WGS: Nasal Wash vRNA isolation and reverse transcription for cDNA synthesis;  PCR amplification followed by tagmentation using Nextera XT kit. 8 gene segments sequenced using Illumina Miseq with a 300v3 cartridge.	fastq	CA04_contact_ferret5_day1_rep1_R1.fastq.gz	CA04_contact_ferret5_day1_rep1_R2.fastq.gz	CA04_contact_ferret5_day1_rep2_R1.fastq.gz	CA04_contact_ferret5_day1_rep2_R2.fastq.gz				
SAMN21024189	Ferret_4_day_5_strain_CA04	IAV ferret 04 infection with A/California/04/2009 pdm isolate	WGS	VIRAL RNA	cDNA	paired	ILLUMINA	Illumina MiSeq	WGS: Nasal Wash vRNA isolation and reverse transcription for cDNA synthesis;  PCR amplification followed by tagmentation using Nextera XT kit. 8 gene segments sequenced using Illumina Miseq with a 300v3 cartridge.	fastq	CA04_contact_ferret4_day5_rep1_R1.fastq.gz	CA04_contact_ferret4_day5_rep1_R2.fastq.gz	CA04_contact_ferret4_day5_rep2_R1.fastq.gz	CA04_contact_ferret4_day5_rep2_R2.fastq.gz				
SAMN21024188	Ferret_4_day_3_strain_CA04	IAV ferret 04 infection with A/California/04/2009 pdm isolate	WGS	VIRAL RNA	cDNA	paired	ILLUMINA	Illumina MiSeq	WGS: Nasal Wash vRNA isolation and reverse transcription for cDNA synthesis;  PCR amplification followed by tagmentation using Nextera XT kit. 8 gene segments sequenced using Illumina Miseq with a 300v3 cartridge.	fastq	CA04_contact_ferret4_day3_rep1_R1.fastq.gz	CA04_contact_ferret4_day3_rep1_R2.fastq.gz	CA04_contact_ferret4_day3_rep2_R1.fastq.gz	CA04_contact_ferret4_day3_rep2_R2.fastq.gz				
SAMN22133374	Ferret_4_day_1_strain_CA04										CA04_contact_ferret4_day1_rep1_R1.fastq.gz	CA04_contact_ferret4_day1_rep1_R2.fastq.gz	CA04_contact_ferret4_day1_rep2_R1.fastq.gz	CA04_contact_ferret4_day1_rep2_R2.fastq.gz				
SAMN21024187	Ferret_3_day_5_strain_CA04	IAV ferret 03 infection with A/California/04/2009 pdm isolate	WGS	VIRAL RNA	cDNA	paired	ILLUMINA	Illumina MiSeq	WGS: Nasal Wash vRNA isolation and reverse transcription for cDNA synthesis;  PCR amplification followed by tagmentation using Nextera XT kit. 8 gene segments sequenced using Illumina Miseq with a 300v3 cartridge.	fastq	CA04_index_ferret3_day5_rep1_R1.fastq.gz	CA04_index_ferret3_day5_rep1_R2.fastq.gz	CA04_index_ferret3_day5_rep2_R1.fastq.gz	CA04_index_ferret3_day5_rep2_R2.fastq.gz				
SAMN21024186	Ferret_3_day_3_strain_CA04	IAV ferret 03 infection with A/California/04/2009 pdm isolate	WGS	VIRAL RNA	cDNA	paired	ILLUMINA	Illumina MiSeq	WGS: Nasal Wash vRNA isolation and reverse transcription for cDNA synthesis;  PCR amplification followed by tagmentation using Nextera XT kit. 8 gene segments sequenced using Illumina Miseq with a 300v3 cartridge.	fastq	CA04_index_ferret3_day3_rep1_R1.fastq.gz	CA04_index_ferret3_day3_rep1_R2.fastq.gz	CA04_index_ferret3_day3_rep2_R1.fastq.gz	CA04_index_ferret3_day3_rep2_R2.fastq.gz				
SAMN21024185	Ferret_3_day_1_strain_CA04	IAV ferret 03 infection with A/California/04/2009 pdm isolate	WGS	VIRAL RNA	cDNA	paired	ILLUMINA	Illumina MiSeq	WGS: Nasal Wash vRNA isolation and reverse transcription for cDNA synthesis;  PCR amplification followed by tagmentation using Nextera XT kit. 8 gene segments sequenced using Illumina Miseq with a 300v3 cartridge.	fastq	CA04_index_ferret3_day1_rep1_R1.fastq.gz	CA04_index_ferret3_day1_rep1_R2.fastq.gz	CA04_index_ferret3_day1_rep2_R1.fastq.gz	CA04_index_ferret3_day1_rep2_R2.fastq.gz				
SAMN21024184	Ferret_2_day_5_strain_CA04	IAV ferret 02 infection with A/California/04/2009 pdm isolate	WGS	VIRAL RNA	cDNA	paired	ILLUMINA	Illumina MiSeq	WGS: Nasal Wash vRNA isolation and reverse transcription for cDNA synthesis;  PCR amplification followed by tagmentation using Nextera XT kit. 8 gene segments sequenced using Illumina Miseq with a 300v3 cartridge.	fastq	CA04_index_ferret2_day5_rep1_R1.fastq.gz	CA04_index_ferret2_day5_rep1_R2.fastq.gz	CA04_index_ferret2_day5_rep2_R1.fastq.gz	CA04_index_ferret2_day5_rep2_R2.fastq.gz				
SAMN21024183	Ferret_2_day_3_strain_CA04	IAV ferret 02 infection with A/California/04/2009 pdm isolate	WGS	VIRAL RNA	cDNA	paired	ILLUMINA	Illumina MiSeq	WGS: Nasal Wash vRNA isolation and reverse transcription for cDNA synthesis;  PCR amplification followed by tagmentation using Nextera XT kit. 8 gene segments sequenced using Illumina Miseq with a 300v3 cartridge.	fastq	CA04_index_ferret2_day3_rep1_R1.fastq.gz	CA04_index_ferret2_day3_rep1_R2.fastq.gz	CA04_index_ferret2_day3_rep2_R1.fastq.gz	CA04_index_ferret2_day3_rep2_R2.fastq.gz				
SAMN21024182	Ferret_2_day_1_strain_CA04	IAV ferret 02 infection with A/California/04/2009 pdm isolate	WGS	VIRAL RNA	cDNA	paired	ILLUMINA	Illumina MiSeq	WGS: Nasal Wash vRNA isolation and reverse transcription for cDNA synthesis;  PCR amplification followed by tagmentation using Nextera XT kit. 8 gene segments sequenced using Illumina Miseq with a 300v3 cartridge.	fastq	CA04_index_ferret2_day1_rep1_R1.fastq.gz	CA04_index_ferret2_day1_rep1_R2.fastq.gz	CA04_index_ferret2_day1_rep2_R1.fastq.gz	CA04_index_ferret2_day1_rep2_R2.fastq.gz				
SAMN21024181	Ferret_1_day_5_strain_CA04	IAV ferret 01 infection with A/California/04/2009 pdm isolate	WGS	VIRAL RNA	cDNA	paired	ILLUMINA	Illumina MiSeq	WGS: Nasal Wash vRNA isolation and reverse transcription for cDNA synthesis;  PCR amplification followed by tagmentation using Nextera XT kit. 8 gene segments sequenced using Illumina Miseq with a 300v3 cartridge.	fastq	CA04_index_ferret1_day5_rep1_R1.fastq.gz	CA04_index_ferret1_day5_rep1_R2.fastq.gz	CA04_index_ferret1_day5_rep2_R1.fastq.gz	CA04_index_ferret1_day5_rep2_R2.fastq.gz				
SAMN21024180	Ferret_1_day_3_strain_CA04	IAV ferret 01 infection with A/California/04/2009 pdm isolate	WGS	VIRAL RNA	cDNA	paired	ILLUMINA	Illumina MiSeq	WGS: Nasal Wash vRNA isolation and reverse transcription for cDNA synthesis;  PCR amplification followed by tagmentation using Nextera XT kit. 8 gene segments sequenced using Illumina Miseq with a 300v3 cartridge.	fastq	CA04_index_ferret1_day3_rep1_R1.fastq.gz	CA04_index_ferret1_day3_rep1_R2.fastq.gz	CA04_index_ferret1_day3_rep2_R1.fastq.gz	CA04_index_ferret1_day3_rep2_R2.fastq.gz				
SAMN21024179	Ferret_1_day_1_strain_CA04	IAV ferret 01 infection with A/California/04/2009 pdm isolate	WGS	VIRAL RNA	cDNA	paired	ILLUMINA	Illumina MiSeq	WGS: Nasal Wash vRNA isolation and reverse transcription for cDNA synthesis;  PCR amplification followed by tagmentation using Nextera XT kit. 8 gene segments sequenced using Illumina Miseq with a 300v3 cartridge.	fastq	CA04_index_ferret1_day1_rep1_R1.fastq.gz	CA04_index_ferret1_day1_rep1_R2.fastq.gz	CA04_index_ferret1_day1_rep2_R1.fastq.gz	CA04_index_ferret1_day1_rep2_R2.fastq.gz				
SAMN21024178	Ferret_31_day_5_strain_Anhui	IAV ferret 31 infection with A/Anhui/1/2013 human isolate	WGS	VIRAL RNA	cDNA	paired	ILLUMINA	Illumina MiSeq	WGS: Nasal Wash vRNA isolation and reverse transcription for cDNA synthesis;  PCR amplification followed by tagmentation using Nextera XT kit. 8 gene segments sequenced using Illumina Miseq with a 300v3 cartridge.	fastq	Anhui_index_ferret31_day5_rep1_R1.fastq.gz	Anhui_index_ferret31_day5_rep1_R2.fastq.gz	Anhui_index_ferret31_day5_rep2_R1.fastq.gz	Anhui_index_ferret31_day5_rep2_R2.fastq.gz				
SAMN21024177	Ferret_31_day_3_strain_Anhui	IAV ferret 31 infection with A/Anhui/1/2013 human isolate	WGS	VIRAL RNA	cDNA	paired	ILLUMINA	Illumina MiSeq	WGS: Nasal Wash vRNA isolation and reverse transcription for cDNA synthesis;  PCR amplification followed by tagmentation using Nextera XT kit. 8 gene segments sequenced using Illumina Miseq with a 300v3 cartridge.	fastq	Anhui_index_ferret31_day3_PB1_rep1(3)_R1.fastq.gz	Anhui_index_ferret31_day3_PB1_rep1(3)_R2.fastq.gz	Anhui_index_ferret31_day3_rep1_R1.fastq.gz	Anhui_index_ferret31_day3_rep1_R2.fastq.gz	Anhui_index_ferret31_day3_rep2_R1.fastq.gz	Anhui_index_ferret31_day3_rep2_R2.fastq.gz		
SAMN21024176	Ferret_31_day_1_strain_Anhui	IAV ferret 31 infection with A/Anhui/1/2013 human isolate	WGS	VIRAL RNA	cDNA	paired	ILLUMINA	Illumina MiSeq	WGS: Nasal Wash vRNA isolation and reverse transcription for cDNA synthesis;  PCR amplification followed by tagmentation using Nextera XT kit. 8 gene segments sequenced using Illumina Miseq with a 300v3 cartridge.	fastq	Anhui_index_ferret31_day1_rep1_R1.fastq.gz	Anhui_index_ferret31_day1_rep1_R2.fastq.gz	Anhui_index_ferret31_day1_rep2_R1.fastq.gz	Anhui_index_ferret31_day1_rep2_R2.fastq.gz				
SAMN21024175	Ferret_29_day_7_strain_Anhui	IAV ferret 29 infection with A/Anhui/1/2013 human isolate	WGS	VIRAL RNA	cDNA	paired	ILLUMINA	Illumina MiSeq	WGS: Nasal Wash vRNA isolation and reverse transcription for cDNA synthesis;  PCR amplification followed by tagmentation using Nextera XT kit. 8 gene segments sequenced using Illumina Miseq with a 300v3 cartridge.	fastq	Anhui_index_ferret29_day7_rep1_R1.fastq.gz	Anhui_index_ferret29_day7_rep1_R2.fastq.gz	Anhui_index_ferret29_day7_rep2_R1.fastq.gz	Anhui_index_ferret29_day7_rep2_R2.fastq.gz				
SAMN21024174	Ferret_29_day_5_strain_Anhui	IAV ferret 29 infection with A/Anhui/1/2013 human isolate	WGS	VIRAL RNA	cDNA	paired	ILLUMINA	Illumina MiSeq	WGS: Nasal Wash vRNA isolation and reverse transcription for cDNA synthesis;  PCR amplification followed by tagmentation using Nextera XT kit. 8 gene segments sequenced using Illumina Miseq with a 300v3 cartridge.	fastq	Anhui_index_ferret29_day5_rep1_R1.fastq.gz	Anhui_index_ferret29_day5_rep1_R2.fastq.gz	Anhui_index_ferret29_day5_rep2_R1.fastq.gz	Anhui_index_ferret29_day5_rep2_R2.fastq.gz				
SAMN21024173	Ferret_29_day_3_strain_Anhui	IAV ferret 29 infection with A/Anhui/1/2013 human isolate	WGS	VIRAL RNA	cDNA	paired	ILLUMINA	Illumina MiSeq	WGS: Nasal Wash vRNA isolation and reverse transcription for cDNA synthesis;  PCR amplification followed by tagmentation using Nextera XT kit. 8 gene segments sequenced using Illumina Miseq with a 300v3 cartridge.	fastq	Anhui_index_ferret29_day3_rep1_R1.fastq.gz	Anhui_index_ferret29_day3_rep1_R2.fastq.gz	Anhui_index_ferret29_day3_rep2_R1.fastq.gz	Anhui_index_ferret29_day3_rep2_R2.fastq.gz				
SAMN21024172	Ferret_29_day_1_strain_Anhui	IAV ferret 29 infection with A/Anhui/1/2013 human isolate	WGS	VIRAL RNA	cDNA	paired	ILLUMINA	Illumina MiSeq	WGS: Nasal Wash vRNA isolation and reverse transcription for cDNA synthesis;  PCR amplification followed by tagmentation using Nextera XT kit. 8 gene segments sequenced using Illumina Miseq with a 300v3 cartridge.	fastq	Anhui_index_ferret29_day1_rep1_R1.fastq.gz	Anhui_index_ferret29_day1_rep1_R2.fastq.gz	Anhui_index_ferret29_day1_rep2_R1.fastq.gz	Anhui_index_ferret29_day1_rep2_R2.fastq.gz				
SAMN22133376	Ferret_28_day_7_strain_Anhui	IAV ferret 28 infection with A/Anhui/1/2013 human isolate	WGS	VIRAL RNA	cDNA	paired	ILLUMINA	Illumina MiSeq	WGS: Nasal Wash vRNA isolation and reverse transcription for cDNA synthesis;  PCR amplification followed by tagmentation using Nextera XT kit. 8 gene segments sequenced using Illumina Miseq with a 300v3 cartridge.	fastq	Anhui_contact_ferret28_day7_rep1_R1.fastq.gz	Anhui_contact_ferret28_day7_rep1_R2.fastq.gz	Anhui_contact_ferret28_day7_rep2_R1.fastq.gz	Anhui_contact_ferret28_day7_rep2_R2.fastq.gz				
SAMN21024170	Ferret_28_day_5_strain_Anhui	IAV ferret 28 infection with A/Anhui/1/2013 human isolate	WGS	VIRAL RNA	cDNA	paired	ILLUMINA	Illumina MiSeq	WGS: Nasal Wash vRNA isolation and reverse transcription for cDNA synthesis;  PCR amplification followed by tagmentation using Nextera XT kit. 8 gene segments sequenced using Illumina Miseq with a 300v3 cartridge.	fastq	Anhui_contact_ferret28_day5_rep1_R1.fastq.gz	Anhui_contact_ferret28_day5_rep1_R2.fastq.gz	Anhui_contact_ferret28_day5_rep2_R1.fastq.gz	Anhui_contact_ferret28_day5_rep2_R2.fastq.gz				
SAMN21024169	Ferret_28_day_3_strain_Anhui	IAV ferret 28 infection with A/Anhui/1/2013 human isolate	WGS	VIRAL RNA	cDNA	paired	ILLUMINA	Illumina MiSeq	WGS: Nasal Wash vRNA isolation and reverse transcription for cDNA synthesis;  PCR amplification followed by tagmentation using Nextera XT kit. 8 gene segments sequenced using Illumina Miseq with a 300v3 cartridge.	fastq	Anhui_contact_ferret28_day3_rep1_R1.fastq.gz	Anhui_contact_ferret28_day3_rep1_R2.fastq.gz	Anhui_contact_ferret28_day3_rep2_R1.fastq.gz	Anhui_contact_ferret28_day3_rep2_R2.fastq.gz				
SAMN21024168	Ferret_27_day_7_strain_Anhui	IAV ferret 27 infection with A/Anhui/1/2013 human isolate	WGS	VIRAL RNA	cDNA	paired	ILLUMINA	Illumina MiSeq	WGS: Nasal Wash vRNA isolation and reverse transcription for cDNA synthesis;  PCR amplification followed by tagmentation using Nextera XT kit. 8 gene segments sequenced using Illumina Miseq with a 300v3 cartridge.	fastq	Anhui_index_ferret27_day7_rep1_R1.fastq.gz	Anhui_index_ferret27_day7_rep1_R2.fastq.gz	Anhui_index_ferret27_day7_rep2_R1.fastq.gz	Anhui_index_ferret27_day7_rep2_R2.fastq.gz				
SAMN21024167	Ferret_27_day_5_strain_Anhui	IAV ferret 27 infection with A/Anhui/1/2013 human isolate	WGS	VIRAL RNA	cDNA	paired	ILLUMINA	Illumina MiSeq	WGS: Nasal Wash vRNA isolation and reverse transcription for cDNA synthesis;  PCR amplification followed by tagmentation using Nextera XT kit. 8 gene segments sequenced using Illumina Miseq with a 300v3 cartridge.	fastq	Anhui_index_ferret27_day5_rep1_R1.fastq.gz	Anhui_index_ferret27_day5_rep1_R2.fastq.gz	Anhui_index_ferret27_day5_rep2_R1.fastq.gz	Anhui_index_ferret27_day5_rep2_R2.fastq.gz				
SAMN21024166	Ferret_27_day_3_strain_Anhui	IAV ferret 27 infection with A/Anhui/1/2013 human isolate	WGS	VIRAL RNA	cDNA	paired	ILLUMINA	Illumina MiSeq	WGS: Nasal Wash vRNA isolation and reverse transcription for cDNA synthesis;  PCR amplification followed by tagmentation using Nextera XT kit. 8 gene segments sequenced using Illumina Miseq with a 300v3 cartridge.	fastq	Anhui_index_ferret27_day3_rep1_R1.fastq.gz	Anhui_index_ferret27_day3_rep1_R2.fastq.gz	Anhui_index_ferret27_day3_rep2_R1.fastq.gz	Anhui_index_ferret27_day3_rep2_R2.fastq.gz				
SAMN21024165	Ferret_27_day_1_strain_Anhui	IAV ferret 27 infection with A/Anhui/1/2013 human isolate	WGS	VIRAL RNA	cDNA	paired	ILLUMINA	Illumina MiSeq	WGS: Nasal Wash vRNA isolation and reverse transcription for cDNA synthesis;  PCR amplification followed by tagmentation using Nextera XT kit. 8 gene segments sequenced using Illumina Miseq with a 300v3 cartridge.	fastq	Anhui_index_ferret27_day1_rep1_R1.fastq.gz	Anhui_index_ferret27_day1_rep1_R2.fastq.gz	Anhui_index_ferret27_day1_rep2_R1.fastq.gz	Anhui_index_ferret27_day1_rep2_R2.fastq.gz				
SAMN21024164	Ferret_25_day_7_strain_Anhui	IAV ferret 25 infection with A/Anhui/1/2013 human isolate	WGS	VIRAL RNA	cDNA	paired	ILLUMINA	Illumina MiSeq	WGS: Nasal Wash vRNA isolation and reverse transcription for cDNA synthesis;  PCR amplification followed by tagmentation using Nextera XT kit. 8 gene segments sequenced using Illumina Miseq with a 300v3 cartridge.	fastq	Anhui_index_ferret25_day7_HA_rep1(3)_R1.fastq.gz	Anhui_index_ferret25_day7_HA_rep1(3)_R2.fastq.gz	Anhui_index_ferret25_day7_rep1_R1.fastq.gz	Anhui_index_ferret25_day7_rep1_R2.fastq.gz	Anhui_index_ferret25_day7_rep2_R1.fastq.gz	Anhui_index_ferret25_day7_rep2_R2.fastq.gz		
SAMN21024163	Ferret_25_day_5_strain_Anhui	IAV ferret 25 infection with A/Anhui/1/2013 human isolate	WGS	VIRAL RNA	cDNA	paired	ILLUMINA	Illumina MiSeq	WGS: Nasal Wash vRNA isolation and reverse transcription for cDNA synthesis;  PCR amplification followed by tagmentation using Nextera XT kit. 8 gene segments sequenced using Illumina Miseq with a 300v3 cartridge.	fastq	Anhui_index_ferret25_day5_rep1_R1.fastq.gz	Anhui_index_ferret25_day5_rep1_R2.fastq.gz	Anhui_index_ferret25_day5_rep2_R1.fastq.gz	Anhui_index_ferret25_day5_rep2_R2.fastq.gz				
SAMN21024162	Ferret_25_day_3_strain_Anhui	IAV ferret 25 infection with A/Anhui/1/2013 human isolate	WGS	VIRAL RNA	cDNA	paired	ILLUMINA	Illumina MiSeq	WGS: Nasal Wash vRNA isolation and reverse transcription for cDNA synthesis;  PCR amplification followed by tagmentation using Nextera XT kit. 8 gene segments sequenced using Illumina Miseq with a 300v3 cartridge.	fastq	Anhui_index_ferret25_day3_rep1_R1.fastq.gz	Anhui_index_ferret25_day3_rep1_R2.fastq.gz	Anhui_index_ferret25_day3_rep2_R1.fastq.gz	Anhui_index_ferret25_day3_rep2_R2.fastq.gz				
SAMN21024161	Ferret_25_day_1_strain_Anhui	IAV ferret 25 infection with A/Anhui/1/2013 human isolate	WGS	VIRAL RNA	cDNA	paired	ILLUMINA	Illumina MiSeq	WGS: Nasal Wash vRNA isolation and reverse transcription for cDNA synthesis;  PCR amplification followed by tagmentation using Nextera XT kit. 8 gene segments sequenced using Illumina Miseq with a 300v3 cartridge.	fastq	Anhui_index_ferret25_day1_rep1_R1.fastq.gz	Anhui_index_ferret25_day1_rep1_R2.fastq.gz	Anhui_index_ferret25_day1_rep2_R1.fastq.gz	Anhui_index_ferret25_day1_rep2_R2.fastq.gz				