	coding_region_change	avian_mutations	human_mutations	gene	site
0	A169S	0	2	HA	HA A169S
1	A284T	0	2	HA	HA A284T
2	H498R	1	0	HA	HA H498R
3	D166A	0	6	HA	HA D166A
4	D455N	0	3	HA	HA D455N
5	N2V	1	0	HA	HA N2V
6	R65K	2	0	HA	HA R65K
7	R181K	0	5	HA	HA R181K
8	L394V	3	0	HA	HA L394V
9	T3N	1	0	HA	HA T3N
10	G132R	0	1	HA	HA G132R
11	G234D	0	4	HA	HA G234D
12	Q86X	0	1	HA	HA Q86X
13	N285S	0	2	HA	HA N285S
14	I5X	5	7	HA	HA I5X
15	I3T	0	1	HA	HA I3T
16	G279A	2	0	HA	HA G279A
17	M506L	0	1	HA	HA M506L
18	T180I	0	1	HA	HA T180I
19	G227E	1	1	HA	HA G227E
20	G372X	0	1	HA	HA G372X
21	Q511K	0	1	HA	HA Q511K
22	A259S	0	1	HA	HA A259S
23	V111A	0	1	HA	HA V111A
24	M274X	1	0	HA	HA M274X
25	N392K	0	1	HA	HA N392K
26	I306L	1	0	HA	HA I306L
27	H292Y	0	2	HA	HA H292Y
28	P514X	1	0	HA	HA P514X
29	V223A	1	2	HA	HA V223A
30	V67I	0	2	HA	HA V67I
31	D484N	0	1	HA	HA D484N
32	L449M	1	0	HA	HA L449M
33	V545A	0	2	HA	HA V545A
34	M554X	1	23	HA	HA M554X
35	T3I	1	3	HA	HA T3I
36	G207E	1	0	HA	HA G207E
37	P3T	3	0	HA	HA P3T
38	V195X	0	1	HA	HA V195X
39	N392X	0	1	HA	HA N392X
40	I138X	0	4	HA	HA I138X
41	V430M	1	3	HA	HA V430M
42	S236F	0	3	HA	HA S236F
43	A130T	1	0	HA	HA A130T
44	D513N	1	0	HA	HA D513N
45	N233D	0	2	HA	HA N233D
46	I510X	1	0	HA	HA I510X
47	R2X	29	0	HA	HA R2X
48	Q400X	0	1	HA	HA Q400X
49	T56I	1	0	HA	HA T56I
50	E199X	0	1	HA	HA E199X
51	I7X	0	1	HA	HA I7X
52	Y291X	0	1	HA	HA Y291X
53	E459K	0	2	HA	HA E459K
54	T144X	0	1	HA	HA T144X
55	Q235L	0	1	HA	HA Q235L
56	R229I	0	1	HA	HA R229I
57	L391F	0	1	HA	HA L391F
58	A12S	2	1	HA	HA A12S
59	S102N	0	1	HA	HA S102N
60	N300X	0	1	HA	HA N300X
61	R321G	4	2	HA	HA R321G
62	M554V	0	1	HA	HA M554V
63	V111M	1	0	HA	HA V111M
64	I540V	0	1	HA	HA I540V
65	T327P	1	0	HA	HA T327P
66	E122K	0	7	HA	HA E122K
67	T197A	1	1	HA	HA T197A
68	E396A	1	0	HA	HA E396A
69	V280M	1	0	HA	HA V280M
70	I11X	1	0	HA	HA I11X
71	Y106X	0	1	HA	HA Y106X
72	F241S	1	0	HA	HA F241S
73	E371D	1	0	HA	HA E371D
74	E411Q	2	0	HA	HA E411Q
75	S183R	0	1	HA	HA S183R
76	I439X	0	1	HA	HA I439X
77	R381Q	0	4	HA	HA R381Q
78	K462R	0	1	HA	HA K462R
79	D385N	1	1	HA	HA D385N
80	L6X	1	3	HA	HA L6X
81	S176X	0	1	HA	HA S176X
82	L526J	0	1	HA	HA L526J
83	N55S	0	1	HA	HA N55S
84	T557X	1	24	HA	HA T557X
85	I540T	5	0	HA	HA I540T
86	L235Q	9	1	HA	HA L235Q
87	S136N	1	0	HA	HA S136N
88	A469V	1	0	HA	HA A469V
89	A228X	0	1	HA	HA A228X
90	V252I	0	2	HA	HA V252I
91	R58M	0	1	HA	HA R58M
92	K456N	1	0	HA	HA K456N
93	V549A	1	0	HA	HA V549A
94	P3X	16	0	HA	HA P3X
95	L537I	1	0	HA	HA L537I
96	V232I	2	2	HA	HA V232I
97	G520X	1	0	HA	HA G520X
98	A259T	0	1	HA	HA A259T
99	S194P	0	1	HA	HA S194P
100	S499R	1	0	HA	HA S499R
101	S236L	0	1	HA	HA S236L
102	F535L	1	2	HA	HA F535L
103	E503X	0	1	HA	HA E503X
104	G70D	1	0	HA	HA G70D
105	V232X	0	2	HA	HA V232X
106	S145G	0	1	HA	HA S145G
107	S145X	0	1	HA	HA S145X
108	Q4X	4	3	HA	HA Q4X
109	A130E	1	0	HA	HA A130E
110	R499K	0	1	HA	HA R499K
111	I558X	3	25	HA	HA I558X
112	D166N	0	1	HA	HA D166N
113	T3X	7	3	HA	HA T3X
114	D455G	0	2	HA	HA D455G
115	T77I	0	2	HA	HA T77I
116	V195I	0	1	HA	HA V195I
117	R148X	0	2	HA	HA R148X
118	G151E	1	1	HA	HA G151E
119	D289B	0	1	HA	HA D289B
120	R148K	2	1	HA	HA R148K
121	M441T	4	0	HA	HA M441T
122	A284V	0	1	HA	HA A284V
123	N300K	0	4	HA	HA N300K
124	P230T	0	1	HA	HA P230T
125	T388X	0	1	HA	HA T388X
126	L526I	0	1	HA	HA L526I
127	E100G	1	0	HA	HA E100G
128	N233B	0	2	HA	HA N233B
129	S4X	8	0	HA	HA S4X
130	C556X	1	24	HA	HA C556X
131	I56T	0	2	HA	HA I56T
132	D283A	0	5	HA	HA D283A
133	V51X	0	1	HA	HA V51X
134	S4A	1	0	HA	HA S4A
135	V282I	1	1	HA	HA V282I
136	S91X	0	1	HA	HA S91X
137	A228V	0	1	HA	HA A228V
138	L517I	8	0	HA	HA L517I
139	L75R	0	1	HA	HA L75R
140	G137E	1	1	HA	HA G137E
141	E113G	1	0	HA	HA E113G
142	I186J	0	1	HA	HA I186J
143	I512X	1	0	HA	HA I512X
144	K202N	0	5	HA	HA K202N
145	A143P	1	0	HA	HA A143P
146	Q511X	1	0	HA	HA Q511X
147	N285D	0	2	HA	HA N285D
148	A310T	1	0	HA	HA A310T
149	D289Y	0	1	HA	HA D289Y
150	I11V	0	2	HA	HA I11V
151	Q400H	0	2	HA	HA Q400H
152	I13V	0	2	HA	HA I13V
153	P224X	0	1	HA	HA P224X
154	Q304H	1	0	HA	HA Q304H
155	Q220K	0	2	HA	HA Q220K
156	D289N	32	1	HA	HA D289N
157	G279X	0	1	HA	HA G279X
158	N410S	0	12	HA	HA N410S
159	A169T	2	7	HA	HA A169T
160	I59V	0	1	HA	HA I59V
161	K65R	2	0	HA	HA K65R
162	V223I	0	1	HA	HA V223I
163	N553X	1	23	HA	HA N553X
164	A396E	0	1	HA	HA A396E
165	N164T	1	0	HA	HA N164T
166	S518X	1	0	HA	HA S518X
167	A168T	0	1	HA	HA A168T
168	V515L	1	0	HA	HA V515L
169	I96V	0	2	HA	HA I96V
170	M173X	0	1	HA	HA M173X
171	Q511R	0	1	HA	HA Q511R
172	S529G	1	0	HA	HA S529G
173	N351X	1	0	HA	HA N351X
174	V311I	0	1	HA	HA V311I
175	L10X	1	0	HA	HA L10X
176	M173I	2	0	HA	HA M173I
177	E396Q	0	1	HA	HA E396Q
178	*561X	5	39	HA	HA *561X
179	T557A	1	0	HA	HA T557A
180	T54A	0	1	HA	HA T54A
181	E467G	0	1	HA	HA E467G
182	N167D	2	0	HA	HA N167D
183	E89K	1	0	HA	HA E89K
184	S490N	0	1	HA	HA S490N
185	D358X	0	5	HA	HA D358X
186	T174A	0	1	HA	HA T174A
187	S152P	0	1	HA	HA S152P
188	A169X	0	5	HA	HA A169X
189	L324M	0	1	HA	HA L324M
190	I14S	0	2	HA	HA I14S
191	N494X	0	1	HA	HA N494X
192	L235S	0	1	HA	HA L235S
193	L235I	0	2	HA	HA L235I
194	P15S	2	0	HA	HA P15S
195	G552R	0	2	HA	HA G552R
196	N410T	0	1	HA	HA N410T
197	T50I	2	0	HA	HA T50I
198	F8S	0	1	HA	HA F8S
199	D513X	1	0	HA	HA D513X
200	K516X	1	0	HA	HA K516X
201	V143A	1	0	HA	HA V143A
202	I416V	1	0	HA	HA I416V
203	*561G	0	1	HA	HA *561G
204	T310X	0	1	HA	HA T310X
205	P224L	0	1	HA	HA P224L
206	K337Q	0	1	HA	HA K337Q
207	I245X	0	1	HA	HA I245X
208	V439I	1	0	HA	HA V439I
209	V7X	1	0	HA	HA V7X
210	G214X	0	1	HA	HA G214X
211	I479X	0	1	HA	HA I479X
212	G137X	0	1	HA	HA G137X
213	S293N	1	1	HA	HA S293N
214	K202T	0	53	HA	HA K202T
215	N486D	0	3	HA	HA N486D
216	T16A	25	1	HA	HA T16A
217	L465Q	1	0	HA	HA L465Q
218	K148X	0	1	HA	HA K148X
219	S145N	0	1	HA	HA S145N
220	Y106H	0	1	HA	HA Y106H
221	S518G	0	1	HA	HA S518G
222	G214E	2	0	HA	HA G214E
223	R238I	1	0	HA	HA R238I
224	S499N	0	2	HA	HA S499N
225	P230X	0	1	HA	HA P230X
226	H26R	1	0	HA	HA H26R
227	K202X	0	4	HA	HA K202X
228	I78V	4	0	HA	HA I78V
229	I5F	0	1	HA	HA I5F
230	I245M	0	1	HA	HA I245M
231	E89X	0	1	HA	HA E89X
232	V104F	1	1	HA	HA V104F
233	T197N	2	1	HA	HA T197N
234	Q320H	1	1	HA	HA Q320H
235	N112K	1	0	HA	HA N112K
236	N551S	0	2	HA	HA N551S
237	A198E	1	0	HA	HA A198E
238	I525X	0	1	HA	HA I525X
239	K178R	0	1	HA	HA K178R
240	S183G	0	1	HA	HA S183G
241	E459V	1	0	HA	HA E459V
242	D358G	1	1	HA	HA D358G
243	N141D	0	1	HA	HA N141D
244	N418B	0	1	HA	HA N418B
245	V67L	0	1	HA	HA V67L
246	I357M	0	1	HA	HA I357M
247	I512N	1	0	HA	HA I512N
248	I245L	0	1	HA	HA I245L
249	E503K	1	0	HA	HA E503K
250	T557I	1	0	HA	HA T557I
251	L6V	2	1	HA	HA L6V
252	I306V	0	1	HA	HA I306V
253	T197I	0	2	HA	HA T197I
254	L517X	1	0	HA	HA L517X
255	N2D	0	3	HA	HA N2D
256	I11T	1	0	HA	HA I11T
257	V541A	0	2	HA	HA V541A
258	R117X	0	1	HA	HA R117X
259	T253I	1	0	HA	HA T253I
260	N418S	0	1	HA	HA N418S
261	N217D	7	0	HA	HA N217D
262	V188X	0	1	HA	HA V188X
263	Y501S	0	1	HA	HA Y501S
264	A450T	1	1	HA	HA A450T
265	N551X	1	0	HA	HA N551X
266	Q400R	0	2	HA	HA Q400R
267	I5T	1	0	HA	HA I5T
268	E114G	4	0	HA	HA E114G
269	A9X	1	0	HA	HA A9X
270	L235X	0	2	HA	HA L235X
271	V195A	1	2	HA	HA V195A
272	P15T	0	1	HA	HA P15T
273	D307N	1	0	HA	HA D307N
274	Q507X	0	1	HA	HA Q507X
275	A9T	0	1	HA	HA A9T
276	S183N	1	1	HA	HA S183N
277	V7I	1	0	HA	HA V7I
278	I138T	0	8	HA	HA I138T
279	E459D	1	0	HA	HA E459D
280	D264E	1	0	HA	HA D264E
281	R509X	0	1	HA	HA R509X
282	S299X	0	1	HA	HA S299X
283	V7A	1	4	HA	HA V7A
284	M506X	0	1	HA	HA M506X
285	S221Y	0	1	HA	HA S221Y
286	R555L	1	0	HA	HA R555L
287	R321K	6	1	HA	HA R321K
288	A143S	0	1	HA	HA A143S
289	I238X	0	1	HA	HA I238X
290	S183X	1	0	HA	HA S183X
291	I416L	1	0	HA	HA I416L
292	I357X	0	5	HA	HA I357X
293	N164S	0	1	HA	HA N164S
294	S236X	0	3	HA	HA S236X
295	G237X	0	2	HA	HA G237X
296	D127E	0	2	HA	HA D127E
297	R149K	1	0	HA	HA R149K
298	S426C	1	0	HA	HA S426C
299	A143T	0	3	HA	HA A143T
300	N46S	1	0	HA	HA N46S
301	F8L	5	1	HA	HA F8L
302	G234R	1	0	HA	HA G234R
303	D307G	0	1	HA	HA D307G
304	L356I	1	0	HA	HA L356I
305	V143X	0	1	HA	HA V143X
306	I191X	0	1	HA	HA I191X
307	R58K	1	0	HA	HA R58K
308	R53X	0	1	HA	HA R53X
309	F528V	1	0	HA	HA F528V
310	M554K	0	1	HA	HA M554K
311	R265H	0	1	HA	HA R265H
312	A396X	0	1	HA	HA A396X
313	M245I	0	1	HA	HA M245I
314	A198V	0	2	HA	HA A198V
315	Y521X	1	0	HA	HA Y521X
316	D358N	0	3	HA	HA D358N
317	R364K	0	1	HA	HA R364K
318	I298R	0	1	HA	HA I298R
319	N174T	0	1	HA	HA N174T
320	S255I	1	0	HA	HA S255I
321	I536V	1	0	HA	HA I536V
322	R499G	1	0	HA	HA R499G
323	R555Q	0	1	HA	HA R555Q
324	N2X	6	4	HA	HA N2X
325	N399H	0	1	HA	HA N399H
326	T130X	0	1	HA	HA T130X
327	R53Q	0	1	HA	HA R53Q
328	G151X	0	1	HA	HA G151X
329	I335V	3	0	HA	HA I335V
330	V335G	0	1	HA	HA V335G
331	M554I	1	0	HA	HA M554I
332	A374V	0	2	HA	HA A374V
333	I558F	2	0	HA	HA I558F
334	R229X	0	8	HA	HA R229X
335	Q381K	0	1	HA	HA Q381K
336	K500N	1	3	HA	HA K500N
337	N421X	0	1	HA	HA N421X
338	M274I	1	2	HA	HA M274I
339	R463K	0	3	HA	HA R463K
340	N289I	1	0	HA	HA N289I
341	Q400K	0	1	HA	HA Q400K
342	D264N	2	0	HA	HA D264N
343	T143A	1	0	HA	HA T143A
344	K516N	2	0	HA	HA K516N
345	P333L	2	0	HA	HA P333L
346	V2X	6	0	HA	HA V2X
347	T54K	0	2	HA	HA T54K
348	V280L	1	0	HA	HA V280L
349	S299R	1	0	HA	HA S299R
350	R364X	0	1	HA	HA R364X
351	E403G	1	0	HA	HA E403G
352	G234X	0	5	HA	HA G234X
353	T16I	0	1	HA	HA T16I
354	A198X	0	1	HA	HA A198X
355	S519X	1	0	HA	HA S519X
356	F8X	1	0	HA	HA F8X
357	M506I	0	2	HA	HA M506I
358	F342X	0	1	HA	HA F342X
359	R229G	0	1	HA	HA R229G
360	A143V	2	0	HA	HA A143V
361	K20R	4	0	HA	HA K20R
362	K337X	0	1	HA	HA K337X
363	S519R	1	0	HA	HA S519R
364	R238X	0	1	HA	HA R238X
365	R316K	1	0	HA	HA R316K
366	N418X	0	1	HA	HA N418X
367	D289G	0	1	HA	HA D289G
368	M245L	1	1	HA	HA M245L
369	C559G	0	1	HA	HA C559G
370	G70X	0	1	HA	HA G70X
371	S152F	0	1	HA	HA S152F
372	E157Q	1	0	HA	HA E157Q
373	G227X	0	2	HA	HA G227X
374	G552X	1	23	HA	HA G552X
375	N136X	0	1	HA	HA N136X
376	P226T	4	0	HA	HA P226T
377	T557P	1	0	HA	HA T557P
378	A228T	0	2	HA	HA A228T
379	N2M	0	1	HA	HA N2M
380	Q4S	1	1	HA	HA Q4S
381	C559X	4	25	HA	HA C559X
382	N508B	0	1	HA	HA N508B
383	T140X	0	3	HA	HA T140X
384	D103E	0	6	HA	HA D103E
385	D264X	1	0	HA	HA D264X
386	I560X	4	33	HA	HA I560X
387	T388P	1	0	HA	HA T388P
388	R555X	1	23	HA	HA R555X
389	S221F	0	1	HA	HA S221F
390	M547I	0	1	HA	HA M547I
391	G124S	1	0	HA	HA G124S
392	I276V	1	0	HA	HA I276V
393	M1X	55	5	HA	HA M1X
394	D455B	0	1	HA	HA D455B
395	I357T	0	1	HA	HA I357T
396	L526V	1	0	HA	HA L526V
397	D17N	4	1	HA	HA D17N
398	V280A	0	5	HA	HA V280A
399	A143X	0	2	HA	HA A143X
400	T32I	1	0	HA	HA T32I
401	V515X	1	0	HA	HA V515X
402	R121K	3	0	HA	HA R121K
403	F268Y	0	1	HA	HA F268Y
404	R463G	0	1	HA	HA R463G
